Date,Round,Match,Home,Away,CompetitionID,MatchID
2025-05-25,38,Athletic Club 0-3 Barcelona,Athletic Club,Barcelona,4x7uzww3jur4re7sgt3mslyj8,9lnqs15tkvrgup74sjpchfkes
2025-05-25,38,Villarreal 4-2 Sevilla,Villarreal,Sevilla,4x7uzww3jur4re7sgt3mslyj8,9pnpb9fgb07cjgi3tpo9pesr8
2025-05-25,38,Girona 0-4 Atlético Madrid,Girona,Atlético Madrid,4x7uzww3jur4re7sgt3mslyj8,9o79ffn6khv6rutsdno6yh9uc
2025-05-24,38,Rayo Vallecano 0-0 Mallorca,Rayo Vallecano,Mallorca,4x7uzww3jur4re7sgt3mslyj8,9p5ge07j60hwe6c5gxq6848wk
2025-05-24,38,Getafe 1-2 Celta de Vigo,Getafe,Celta de Vigo,4x7uzww3jur4re7sgt3mslyj8,9ongy8h8d8jmbb4pxkkeimsyc
2025-05-24,38,Deportivo Alavés 1-1 Osasuna,Deportivo Alavés,Osasuna,4x7uzww3jur4re7sgt3mslyj8,9mxwiv3sxbnzx0kjk8lgm7jtg
2025-05-24,38,Espanyol 2-0 Las Palmas,Espanyol,Las Palmas,4x7uzww3jur4re7sgt3mslyj8,9nrr908zd8ou14re1nckzvj84
2025-05-24,38,Leganés 3-0 Real Valladolid,Leganés,Real Valladolid,4x7uzww3jur4re7sgt3mslyj8,9ncf3apey31cqevqfiuzefoyc
2025-05-24,38,Real Madrid 2-0 Real Sociedad,Real Madrid,Real Sociedad,4x7uzww3jur4re7sgt3mslyj8,9mjlpf87pxs1s8u6gnfsqgkk4
2025-05-23,38,Real Betis 1-1 Valencia,Real Betis,Valencia,4x7uzww3jur4re7sgt3mslyj8,9m2wfdv7rfamy33zbetujbndg
2025-05-18,37,Osasuna 2-0 Espanyol,Osasuna,Espanyol,4x7uzww3jur4re7sgt3mslyj8,9la1uxyxrz4m35038kcxzgob8
2025-05-18,37,Las Palmas 0-1 Leganés,Las Palmas,Leganés,4x7uzww3jur4re7sgt3mslyj8,9kvv3elucbullikg8m1xgxq1g
2025-05-18,37,Real Valladolid 0-1 Deportivo Alavés,Real Valladolid,Deportivo Alavés,4x7uzww3jur4re7sgt3mslyj8,9kh7bepwdl81dzjvyhu85y8t0
2025-05-18,37,Sevilla 0-2 Real Madrid,Sevilla,Real Madrid,4x7uzww3jur4re7sgt3mslyj8,9k2lcpit2c3iaegde42bu3uac
2025-05-18,37,Real Sociedad 3-2 Girona,Real Sociedad,Girona,4x7uzww3jur4re7sgt3mslyj8,9jo3uft2gpl7yksy7aj3f81sk
2025-05-18,37,Mallorca 1-2 Getafe,Mallorca,Getafe,4x7uzww3jur4re7sgt3mslyj8,9j9iyih0tlfrn20g0e6m8cbo4
2025-05-18,37,Valencia 0-1 Athletic Club,Valencia,Athletic Club,4x7uzww3jur4re7sgt3mslyj8,9iur3bcdqm51h9du4qvke6mms
2025-05-18,37,Celta de Vigo 1-2 Rayo Vallecano,Celta de Vigo,Rayo Vallecano,4x7uzww3jur4re7sgt3mslyj8,9ig9wvatwknucjj2b12t65ono
2025-05-18,37,Barcelona 2-3 Villarreal,Barcelona,Villarreal,4x7uzww3jur4re7sgt3mslyj8,9i1m7ysivkta7uiumut5nnl78
2025-05-18,37,Atlético Madrid 4-1 Real Betis,Atlético Madrid,Real Betis,4x7uzww3jur4re7sgt3mslyj8,9hn1yf521xobkjpkhg0n2t6vo
2025-05-15,36,Getafe 0-2 Athletic Club,Getafe,Athletic Club,4x7uzww3jur4re7sgt3mslyj8,9ech4k0zpjcq8tdzzshdru2ac
2025-05-15,36,Espanyol 0-2 Barcelona,Espanyol,Barcelona,4x7uzww3jur4re7sgt3mslyj8,9dyms4e8elozr1547fsy1gnx0
2025-05-15,36,Rayo Vallecano 2-2 Real Betis,Rayo Vallecano,Real Betis,4x7uzww3jur4re7sgt3mslyj8,9f5gojqhjfhmzdsacczb8olck
2025-05-15,36,Osasuna 2-0 Atlético Madrid,Osasuna,Atlético Madrid,4x7uzww3jur4re7sgt3mslyj8,9er1r7v64azavprsud6qffj84
2025-05-14,36,Real Madrid 2-1 Mallorca,Real Madrid,Mallorca,4x7uzww3jur4re7sgt3mslyj8,9gd2pazo2arjtxyhatgsbotg4
2025-05-14,36,Villarreal 3-0 Leganés,Villarreal,Leganés,4x7uzww3jur4re7sgt3mslyj8,9h8f73snu15mi2ajd09ybiz9w
2025-05-14,36,Deportivo Alavés 1-0 Valencia,Deportivo Alavés,Valencia,4x7uzww3jur4re7sgt3mslyj8,9dl0bvebb1rl6cqc6d75vd6ok
2025-05-13,36,Sevilla 1-0 Las Palmas,Sevilla,Las Palmas,4x7uzww3jur4re7sgt3mslyj8,9gtznjshafb86gci18ma5nnys
2025-05-13,36,Real Sociedad 0-1 Celta de Vigo,Real Sociedad,Celta de Vigo,4x7uzww3jur4re7sgt3mslyj8,9fk4d84wjwf9ga9fuss0541lg
2025-05-13,36,Real Valladolid 0-1 Girona,Real Valladolid,Girona,4x7uzww3jur4re7sgt3mslyj8,9fymh8pbm5f73c31qqwpa6z9w
2025-05-11,35,Real Betis 1-1 Osasuna,Real Betis,Osasuna,4x7uzww3jur4re7sgt3mslyj8,9ab46aszksv5hfm8cg0ne8r9w
2025-05-11,35,Athletic Club 1-0 Deportivo Alavés,Athletic Club,Deportivo Alavés,4x7uzww3jur4re7sgt3mslyj8,9csqa5fk51511i4abnz7wcyl0
2025-05-11,35,Barcelona 4-3 Real Madrid,Barcelona,Real Madrid,4x7uzww3jur4re7sgt3mslyj8,99wedij17mim6jt5gz6035a8k
2025-05-11,35,Leganés 3-2 Espanyol,Leganés,Espanyol,4x7uzww3jur4re7sgt3mslyj8,9d6h5n8klz2wwpxdb9tg4i6ms
2025-05-10,35,Atlético Madrid 4-0 Real Sociedad,Atlético Madrid,Real Sociedad,4x7uzww3jur4re7sgt3mslyj8,99hoqeg2wb9f0v0ppqjs29ogk
2025-05-10,35,Mallorca 2-1 Real Valladolid,Mallorca,Real Valladolid,4x7uzww3jur4re7sgt3mslyj8,9bl535pupa8sjb2pda2pfdmhg
2025-05-10,35,Girona 0-1 Villarreal,Girona,Villarreal,4x7uzww3jur4re7sgt3mslyj8,9b4gmdz3l5hikx3elyl2dol5g
2025-05-10,35,Celta de Vigo 3-2 Sevilla,Celta de Vigo,Sevilla,4x7uzww3jur4re7sgt3mslyj8,9apu2617tss9twcri6onxpono
2025-05-10,35,Valencia 3-0 Getafe,Valencia,Getafe,4x7uzww3jur4re7sgt3mslyj8,9ceabf798rk2714y1xucqsy6s
2025-05-09,35,Las Palmas 0-1 Rayo Vallecano,Las Palmas,Rayo Vallecano,4x7uzww3jur4re7sgt3mslyj8,9bzrosfvtegqfce71tgacc1ec
2025-05-05,34,Girona 1-0 Mallorca,Girona,Mallorca,4x7uzww3jur4re7sgt3mslyj8,95dviwirap0bd0rg4vch45fkk
2025-05-04,34,Real Sociedad 0-0 Athletic Club,Real Sociedad,Athletic Club,4x7uzww3jur4re7sgt3mslyj8,971nj92pert18qtmswyw51es4
2025-05-04,34,Espanyol 1-2 Real Betis,Espanyol,Real Betis,4x7uzww3jur4re7sgt3mslyj8,96nnxbt6zgwq7cagxb7f469lg
2025-05-04,34,Sevilla 2-2 Leganés,Sevilla,Leganés,4x7uzww3jur4re7sgt3mslyj8,9937pwmjvb7vcrkomi1h90xec
2025-05-04,34,Real Madrid 3-2 Celta de Vigo,Real Madrid,Celta de Vigo,4x7uzww3jur4re7sgt3mslyj8,97v3mgeh2ohu37oere4xnk93o
2025-05-03,34,Real Valladolid 1-2 Barcelona,Real Valladolid,Barcelona,4x7uzww3jur4re7sgt3mslyj8,97g67vizt3iiut389n7kduc5w
2025-05-03,34,Las Palmas 2-3 Valencia,Las Palmas,Valencia,4x7uzww3jur4re7sgt3mslyj8,95uvp7qevwjqssu70tzkcnuhg
2025-05-03,34,Villarreal 4-2 Osasuna,Villarreal,Osasuna,4x7uzww3jur4re7sgt3mslyj8,98ogauprimjykil09rvk7i2vo
2025-05-03,34,Deportivo Alavés 0-0 Atlético Madrid,Deportivo Alavés,Atlético Madrid,4x7uzww3jur4re7sgt3mslyj8,969hhzciz01qzn5bc8o13vy8k
2025-05-02,34,Rayo Vallecano 1-0 Getafe,Rayo Vallecano,Getafe,4x7uzww3jur4re7sgt3mslyj8,989qg6l5nsg0qiz5uqcg31y50
2025-04-27,26,Villarreal 1-0 Espanyol,Villarreal,Espanyol,4x7uzww3jur4re7sgt3mslyj8,8cbdlyq0emzi4kmcv6lm40hsk
2025-04-24,33,Real Betis 5-1 Real Valladolid,Real Betis,Real Valladolid,4x7uzww3jur4re7sgt3mslyj8,92kh3i90bwjl8upso5wdxbuvo
2025-04-24,33,Atlético Madrid 3-0 Rayo Vallecano,Atlético Madrid,Rayo Vallecano,4x7uzww3jur4re7sgt3mslyj8,91qf3zxzh7fd66nagrft9gn4k
2025-04-24,33,Leganés 1-1 Girona,Leganés,Girona,4x7uzww3jur4re7sgt3mslyj8,94m5solpfdfvrnmf3461jjeac
2025-04-24,33,Osasuna 1-0 Sevilla,Osasuna,Sevilla,4x7uzww3jur4re7sgt3mslyj8,93sqxd9xz44v7lb3dujs72gb8
2025-04-23,33,Deportivo Alavés 1-0 Real Sociedad,Deportivo Alavés,Real Sociedad,4x7uzww3jur4re7sgt3mslyj8,947bt4f8ccsriyfkvj0dad7o4
2025-04-23,33,Getafe 0-1 Real Madrid,Getafe,Real Madrid,4x7uzww3jur4re7sgt3mslyj8,93e5i5umz8cmtb35x8nqgoqvo
2025-04-23,33,Celta de Vigo 3-0 Villarreal,Celta de Vigo,Villarreal,4x7uzww3jur4re7sgt3mslyj8,92zdkm87bm97rkiruvlm0x6ac
2025-04-23,33,Athletic Club 1-0 Las Palmas,Athletic Club,Las Palmas,4x7uzww3jur4re7sgt3mslyj8,91ba97w4il2efb9td3tpomm8k
2025-04-22,33,Barcelona 1-0 Mallorca,Barcelona,Mallorca,4x7uzww3jur4re7sgt3mslyj8,925mmanmqg3m7knzrj2xxnvv8
2025-04-22,33,Valencia 1-1 Espanyol,Valencia,Espanyol,4x7uzww3jur4re7sgt3mslyj8,94zt8zqmyu5q5mwl96f0xlvys
2025-04-21,32,Girona 1-3 Real Betis,Girona,Real Betis,4x7uzww3jur4re7sgt3mslyj8,8z7tk885lpg10k575u2ruwaac
2025-04-20,32,Real Madrid 1-0 Athletic Club,Real Madrid,Athletic Club,4x7uzww3jur4re7sgt3mslyj8,8ye4m69n2dy10tjfech16y4no
2025-04-20,32,Sevilla 1-1 Deportivo Alavés,Sevilla,Deportivo Alavés,4x7uzww3jur4re7sgt3mslyj8,90i7vg7e71tp11q7nimk6sj6c
2025-04-20,32,Villarreal 2-2 Real Sociedad,Villarreal,Real Sociedad,4x7uzww3jur4re7sgt3mslyj8,901qdc2dqthz3tebq3c0qp6ac
2025-04-20,32,Real Valladolid 2-3 Osasuna,Real Valladolid,Osasuna,4x7uzww3jur4re7sgt3mslyj8,8zn8g5ihytsb0ohcq26lmj47o
2025-04-19,32,Las Palmas 1-0 Atlético Madrid,Las Palmas,Atlético Madrid,4x7uzww3jur4re7sgt3mslyj8,8ysy191jvijh5nmpfovw7jklw
2025-04-19,32,Mallorca 0-0 Leganés,Mallorca,Leganés,4x7uzww3jur4re7sgt3mslyj8,90wujsngje89vuhbkjsd0qm1g
2025-04-19,32,Barcelona 4-3 Celta de Vigo,Barcelona,Celta de Vigo,4x7uzww3jur4re7sgt3mslyj8,8x7mcbpn21f4ksv8chxkj9es4
2025-04-19,32,Rayo Vallecano 1-1 Valencia,Rayo Vallecano,Valencia,4x7uzww3jur4re7sgt3mslyj8,8xmgbdyvwbepcwocxxmlbul90
2025-04-18,32,Espanyol 1-0 Getafe,Espanyol,Getafe,4x7uzww3jur4re7sgt3mslyj8,8y05x1kqvdklpq7ackithzndg
2025-04-14,31,Atlético Madrid 4-2 Real Valladolid,Atlético Madrid,Real Valladolid,4x7uzww3jur4re7sgt3mslyj8,8tj3arn22gtg40mbo1rl7uvis
2025-04-13,31,Athletic Club 3-1 Rayo Vallecano,Athletic Club,Rayo Vallecano,4x7uzww3jur4re7sgt3mslyj8,8t45zj3tuzxwoqqclbilgwufo
2025-04-13,31,Real Betis 1-2 Villarreal,Real Betis,Villarreal,4x7uzww3jur4re7sgt3mslyj8,8txwx10p8k9zbphq5kzuql3bo
2025-04-13,31,Deportivo Alavés 0-1 Real Madrid,Deportivo Alavés,Real Madrid,4x7uzww3jur4re7sgt3mslyj8,8utet1xsynpyxprrtaul6ii38
2025-04-13,31,Osasuna 2-1 Girona,Osasuna,Girona,4x7uzww3jur4re7sgt3mslyj8,8vmhfp1fr3orva2g63ecs172s
2025-04-12,31,Leganés 0-1 Barcelona,Leganés,Barcelona,4x7uzww3jur4re7sgt3mslyj8,8v82f5y7wxjodibj54hl5beac
2025-04-12,31,Celta de Vigo 0-2 Espanyol,Celta de Vigo,Espanyol,4x7uzww3jur4re7sgt3mslyj8,8wtt2xjl4hvd598k87lwib310
2025-04-12,31,Getafe 1-3 Las Palmas,Getafe,Las Palmas,4x7uzww3jur4re7sgt3mslyj8,8ucjchu6l1cr4kyb9kqp6sljo
2025-04-12,31,Real Sociedad 0-2 Mallorca,Real Sociedad,Mallorca,4x7uzww3jur4re7sgt3mslyj8,8w0txfb6jriswx7i0q1lmtdzo
2025-04-11,31,Valencia 1-0 Sevilla,Valencia,Sevilla,4x7uzww3jur4re7sgt3mslyj8,8wfwjnvw6penth58inylw62hg
2025-04-07,30,Leganés 1-1 Osasuna,Leganés,Osasuna,4x7uzww3jur4re7sgt3mslyj8,8qadqoqsz3s7uhml5c2p6gnpw
2025-04-06,30,Villarreal 0-0 Athletic Club,Villarreal,Athletic Club,4x7uzww3jur4re7sgt3mslyj8,8qp7g3mwck1ub9wtv5wfa7wgk
2025-04-06,30,Real Valladolid 0-4 Getafe,Real Valladolid,Getafe,4x7uzww3jur4re7sgt3mslyj8,8rxlb9u73dy66jrygywczq39w
2025-04-06,30,Sevilla 1-2 Atlético Madrid,Sevilla,Atlético Madrid,4x7uzww3jur4re7sgt3mslyj8,8r3zvhi1dd8spmmjtap8e84d0
2025-04-06,30,Las Palmas 1-3 Real Sociedad,Las Palmas,Real Sociedad,4x7uzww3jur4re7sgt3mslyj8,8pvl7194q8ewxbxmhwgaz649g
2025-04-05,30,Barcelona 1-1 Real Betis,Barcelona,Real Betis,4x7uzww3jur4re7sgt3mslyj8,8p0bnjv8wf1l8ikryg5my46xg
2025-04-05,30,Mallorca 1-2 Celta de Vigo,Mallorca,Celta de Vigo,4x7uzww3jur4re7sgt3mslyj8,8rioenh1q84kna533p0hzc3ys
2025-04-05,30,Real Madrid 1-2 Valencia,Real Madrid,Valencia,4x7uzww3jur4re7sgt3mslyj8,8ph6vm7kina2mf7w8f2qpn7dg
2025-04-05,30,Girona 0-1 Deportivo Alavés,Girona,Deportivo Alavés,4x7uzww3jur4re7sgt3mslyj8,8sci4stpiszrmzeh8au67mot0
2025-04-04,30,Rayo Vallecano 0-4 Espanyol,Rayo Vallecano,Espanyol,4x7uzww3jur4re7sgt3mslyj8,8sq7xhwy7rjqnmqr72zm6ldlg
2025-03-31,29,Celta de Vigo 1-1 Las Palmas,Celta de Vigo,Las Palmas,4x7uzww3jur4re7sgt3mslyj8,8m68cbggtviduhl5hvkldzbis
2025-03-30,29,Real Betis 2-1 Sevilla,Real Betis,Sevilla,4x7uzww3jur4re7sgt3mslyj8,8lrhvu4opua00dv6liq9gqfpw
2025-03-30,29,Valencia 1-0 Mallorca,Valencia,Mallorca,4x7uzww3jur4re7sgt3mslyj8,8o7buanvu6dstbrs9k0kxzeok
2025-03-30,29,Athletic Club 0-0 Osasuna,Athletic Club,Osasuna,4x7uzww3jur4re7sgt3mslyj8,8kxymwvv9he4yl9go7tp59wk4
2025-03-30,29,Barcelona 4-1 Girona,Barcelona,Girona,4x7uzww3jur4re7sgt3mslyj8,8lcjhyfefdoz6tk2pohcq0xzo
2025-03-30,29,Getafe 1-2 Villarreal,Getafe,Villarreal,4x7uzww3jur4re7sgt3mslyj8,8mlcby1fggdt6heyo1dx00sus
2025-03-29,29,Real Madrid 3-2 Leganés,Real Madrid,Leganés,4x7uzww3jur4re7sgt3mslyj8,8olwirkuw3xk96xijujys800k
2025-03-29,29,Deportivo Alavés 0-2 Rayo Vallecano,Deportivo Alavés,Rayo Vallecano,4x7uzww3jur4re7sgt3mslyj8,8new10i3n3whltnm49fm446j8
2025-03-29,29,Espanyol 1-1 Atlético Madrid,Espanyol,Atlético Madrid,4x7uzww3jur4re7sgt3mslyj8,8nsqgpwxomfhp84bdm0c0lw5w
2025-03-29,29,Real Sociedad 2-1 Real Valladolid,Real Sociedad,Real Valladolid,4x7uzww3jur4re7sgt3mslyj8,8mzupl49voov2clns94jpptec
2025-03-27,27,Barcelona 3-0 Osasuna,Barcelona,Osasuna,4x7uzww3jur4re7sgt3mslyj8,8d3wder6umt4v3o2bi07n8vtg
2025-03-16,28,Atlético Madrid 2-4 Barcelona,Atlético Madrid,Barcelona,4x7uzww3jur4re7sgt3mslyj8,8gsx1pem8fisxdahkej1m7vo4
2025-03-16,28,Osasuna 1-2 Getafe,Osasuna,Getafe,4x7uzww3jur4re7sgt3mslyj8,8ja868anwy6mfd7sbsyt8uyhg
2025-03-16,28,Rayo Vallecano 2-2 Real Sociedad,Rayo Vallecano,Real Sociedad,4x7uzww3jur4re7sgt3mslyj8,8hm12bumoms20zi4sxh8hvt3o
2025-03-16,28,Sevilla 0-1 Athletic Club,Sevilla,Athletic Club,4x7uzww3jur4re7sgt3mslyj8,8i0saummm2wun952jbz9r9yj8
2025-03-16,28,Leganés 2-3 Real Betis,Leganés,Real Betis,4x7uzww3jur4re7sgt3mslyj8,8ifr63i44ucpfcdlc4rktuyac
2025-03-15,28,Girona 1-1 Valencia,Girona,Valencia,4x7uzww3jur4re7sgt3mslyj8,8h7f7xk5r7g4jymjwuwyxnifo
2025-03-15,28,Villarreal 1-2 Real Madrid,Villarreal,Real Madrid,4x7uzww3jur4re7sgt3mslyj8,8jr94pv7fohrjpmts0rg8rthw
2025-03-15,28,Mallorca 2-1 Espanyol,Mallorca,Espanyol,4x7uzww3jur4re7sgt3mslyj8,8kjrw0zprkg3du97i4o7cr11w
2025-03-15,28,Real Valladolid 0-1 Celta de Vigo,Real Valladolid,Celta de Vigo,4x7uzww3jur4re7sgt3mslyj8,8ivef8ncftigc184htucul79w
2025-03-14,28,Las Palmas 2-2 Deportivo Alavés,Las Palmas,Deportivo Alavés,4x7uzww3jur4re7sgt3mslyj8,8k5sbfy6dhtz9xti99ltg7tp0
2025-03-10,27,Espanyol 1-1 Girona,Espanyol,Girona,4x7uzww3jur4re7sgt3mslyj8,8fln9yjee5yi6zxj70ti79vdg
2025-03-09,27,Real Sociedad 0-1 Sevilla,Real Sociedad,Sevilla,4x7uzww3jur4re7sgt3mslyj8,8edodbi4nfwnm24m5oltnn28k
2025-03-09,27,Real Betis 1-0 Las Palmas,Real Betis,Las Palmas,4x7uzww3jur4re7sgt3mslyj8,8dilhvd3n2coseanzjz0qeq6s
2025-03-09,27,Athletic Club 1-1 Mallorca,Athletic Club,Mallorca,4x7uzww3jur4re7sgt3mslyj8,8cp5rdxe9vr09ktbvacykzcic
2025-03-09,27,Real Madrid 2-1 Rayo Vallecano,Real Madrid,Rayo Vallecano,4x7uzww3jur4re7sgt3mslyj8,8gecwi5jhceej0ha85ejrdc7o
2025-03-09,27,Getafe 2-1 Atlético Madrid,Getafe,Atlético Madrid,4x7uzww3jur4re7sgt3mslyj8,8fzmljoq956mwg9qe5644z7ro
2025-03-08,27,Valencia 2-1 Real Valladolid,Valencia,Real Valladolid,4x7uzww3jur4re7sgt3mslyj8,8es7cr53qzj0y5t39pgnbyxp0
2025-03-08,27,Deportivo Alavés 1-0 Villarreal,Deportivo Alavés,Villarreal,4x7uzww3jur4re7sgt3mslyj8,8f7bxni8pane7al666o5buexg
2025-03-08,27,Celta de Vigo 2-1 Leganés,Celta de Vigo,Leganés,4x7uzww3jur4re7sgt3mslyj8,8dx9ckreb2k6g27ecbwlobwno
2025-03-02,26,Osasuna 3-3 Valencia,Osasuna,Valencia,4x7uzww3jur4re7sgt3mslyj8,89gnk5v9tfznpdwojgofbxct0
2025-03-02,26,Mallorca 1-1 Deportivo Alavés,Mallorca,Deportivo Alavés,4x7uzww3jur4re7sgt3mslyj8,8bx3falys5wttciui7af9whlg
2025-03-02,26,Barcelona 4-0 Real Sociedad,Barcelona,Real Sociedad,4x7uzww3jur4re7sgt3mslyj8,88np6iwbs91y924kgsvxozyms
2025-03-02,26,Leganés 1-0 Getafe,Leganés,Getafe,4x7uzww3jur4re7sgt3mslyj8,8b3235tz8f46c36zklb458lxw
2025-03-01,26,Atlético Madrid 1-0 Athletic Club,Atlético Madrid,Athletic Club,4x7uzww3jur4re7sgt3mslyj8,8a9nbtw1q31hgrxcsje2hfp5g
2025-03-01,26,Real Betis 2-1 Real Madrid,Real Betis,Real Madrid,4x7uzww3jur4re7sgt3mslyj8,89253ytsdxs3tnvhkaws8ppn8
2025-03-01,26,Rayo Vallecano 1-1 Sevilla,Rayo Vallecano,Sevilla,4x7uzww3jur4re7sgt3mslyj8,89v3ebdm3o1f4htfoglyvcwes
2025-03-01,26,Girona 2-2 Celta de Vigo,Girona,Celta de Vigo,4x7uzww3jur4re7sgt3mslyj8,8aoem249ccuf3d5l7gmc6jkt0
2025-02-28,26,Real Valladolid 1-1 Las Palmas,Real Valladolid,Las Palmas,4x7uzww3jur4re7sgt3mslyj8,8bi74nufh1axsz7khao0fy6tw
2025-02-24,25,Sevilla 1-1 Mallorca,Sevilla,Mallorca,4x7uzww3jur4re7sgt3mslyj8,87sln5ll0hp78duo41shjjklw
2025-02-23,25,Real Sociedad 3-0 Leganés,Real Sociedad,Leganés,4x7uzww3jur4re7sgt3mslyj8,8875ef7xht468qjedw12s3yms
2025-02-23,25,Getafe 1-2 Real Betis,Getafe,Real Betis,4x7uzww3jur4re7sgt3mslyj8,86z7rfrox65c4s9pwmqtmsf84
2025-02-23,25,Real Madrid 2-0 Girona,Real Madrid,Girona,4x7uzww3jur4re7sgt3mslyj8,87dty28ofjijzhoh6lgrdl53o
2025-02-23,25,Athletic Club 7-1 Real Valladolid,Athletic Club,Real Valladolid,4x7uzww3jur4re7sgt3mslyj8,84l7elytkp94dkpl6pb4vcbv8
2025-02-22,25,Las Palmas 0-2 Barcelona,Las Palmas,Barcelona,4x7uzww3jur4re7sgt3mslyj8,86klhzqep9qq01p9h52iy0oic
2025-02-22,25,Valencia 0-3 Atlético Madrid,Valencia,Atlético Madrid,4x7uzww3jur4re7sgt3mslyj8,865xvxn4hnce7w0jlu0lhpgr8
2025-02-22,25,Rayo Vallecano 0-1 Villarreal,Rayo Vallecano,Villarreal,4x7uzww3jur4re7sgt3mslyj8,85egxzytfjh8qop46h464w6qc
2025-02-22,25,Deportivo Alavés 0-1 Espanyol,Deportivo Alavés,Espanyol,4x7uzww3jur4re7sgt3mslyj8,85s3ynlfyhm3p36m9xmbwuvbo
2025-02-21,25,Celta de Vigo 1-0 Osasuna,Celta de Vigo,Osasuna,4x7uzww3jur4re7sgt3mslyj8,84zwqg09kuyfxreoho69edt04
2025-02-17,24,Barcelona 1-0 Rayo Vallecano,Barcelona,Rayo Vallecano,4x7uzww3jur4re7sgt3mslyj8,80ye7hght6b7q5782zl5b28es
2025-02-16,24,Real Betis 3-0 Real Sociedad,Real Betis,Real Sociedad,4x7uzww3jur4re7sgt3mslyj8,81csg2xrb8enr0r96y0cmm4gk
2025-02-16,24,Mallorca 3-1 Las Palmas,Mallorca,Las Palmas,4x7uzww3jur4re7sgt3mslyj8,83s5fyl2v6blujc8yk03up9g4
2025-02-16,24,Real Valladolid 0-4 Sevilla,Real Valladolid,Sevilla,4x7uzww3jur4re7sgt3mslyj8,82wyqxxgmi0au1sskzy88yr6c
2025-02-16,24,Espanyol 1-1 Athletic Club,Espanyol,Athletic Club,4x7uzww3jur4re7sgt3mslyj8,824szejz10ew517n9mffteqdw
2025-02-15,24,Villarreal 1-1 Valencia,Villarreal,Valencia,4x7uzww3jur4re7sgt3mslyj8,83dm2h9fhljcaj9rp90w91wyc
2025-02-15,24,Atlético Madrid 1-1 Celta de Vigo,Atlético Madrid,Celta de Vigo,4x7uzww3jur4re7sgt3mslyj8,80js4oly0rw6la91cot7pgidw
2025-02-15,24,Osasuna 1-1 Real Madrid,Osasuna,Real Madrid,4x7uzww3jur4re7sgt3mslyj8,81r5ua1ndbll2jdmygw3gaxw4
2025-02-15,24,Leganés 3-3 Deportivo Alavés,Leganés,Deportivo Alavés,4x7uzww3jur4re7sgt3mslyj8,846mtshiyv5znecequtv2prmc
2025-02-14,24,Girona 1-2 Getafe,Girona,Getafe,4x7uzww3jur4re7sgt3mslyj8,82ilhisp34uoj6m9glhej96vo
2025-02-10,23,Mallorca 1-1 Osasuna,Mallorca,Osasuna,4x7uzww3jur4re7sgt3mslyj8,7wvbqb1bb18dxburmqytkb85w
2025-02-09,23,Sevilla 1-4 Barcelona,Sevilla,Barcelona,4x7uzww3jur4re7sgt3mslyj8,7yy8xa6195tztj8vew76h3xn8
2025-02-09,23,Real Sociedad 2-1 Espanyol,Real Sociedad,Espanyol,4x7uzww3jur4re7sgt3mslyj8,8057rh3fp43671kb15twiw5jo
2025-02-09,23,Valencia 2-0 Leganés,Valencia,Leganés,4x7uzww3jur4re7sgt3mslyj8,7zr9dqhztiq3bcl1iiv9mt4ic
2025-02-09,23,Deportivo Alavés 0-1 Getafe,Deportivo Alavés,Getafe,4x7uzww3jur4re7sgt3mslyj8,7y52ewvtijlud8l9uok6j81sk
2025-02-08,23,Real Madrid 1-1 Atlético Madrid,Real Madrid,Atlético Madrid,4x7uzww3jur4re7sgt3mslyj8,7yjpl2ai2bhpgw90oh2md2zo4
2025-02-08,23,Las Palmas 1-2 Villarreal,Las Palmas,Villarreal,4x7uzww3jur4re7sgt3mslyj8,7xqll9aiarg9rolbt73i0y51w
2025-02-08,23,Athletic Club 3-0 Girona,Athletic Club,Girona,4x7uzww3jur4re7sgt3mslyj8,7wgkib19q65yu5rc5u6svpxqs
2025-02-08,23,Celta de Vigo 3-2 Real Betis,Celta de Vigo,Real Betis,4x7uzww3jur4re7sgt3mslyj8,7zco85dfnnn9n96r4cit6zj84
2025-02-07,23,Rayo Vallecano 1-0 Real Valladolid,Rayo Vallecano,Real Valladolid,4x7uzww3jur4re7sgt3mslyj8,7x9w7h2xgruvxtfe85dzbbrbo
2025-02-03,22,Girona 2-1 Las Palmas,Girona,Las Palmas,4x7uzww3jur4re7sgt3mslyj8,7t9dw7onnhaccdd6uh01676dw
2025-02-02,22,Real Betis 2-2 Athletic Club,Real Betis,Athletic Club,4x7uzww3jur4re7sgt3mslyj8,7v8eblnrf8v38sbs9ylf3g3ro
2025-02-02,22,Osasuna 2-1 Real Sociedad,Osasuna,Real Sociedad,4x7uzww3jur4re7sgt3mslyj8,7tnvnvdkjmze7yrqs5jjzih3o
2025-02-02,22,Valencia 2-1 Celta de Vigo,Valencia,Celta de Vigo,4x7uzww3jur4re7sgt3mslyj8,7vmzxcuwf8zkcxisuecdg4efo
2025-02-02,22,Barcelona 1-0 Deportivo Alavés,Barcelona,Deportivo Alavés,4x7uzww3jur4re7sgt3mslyj8,7w1vxahp1f51h5oqavl45l2qc
2025-02-01,22,Espanyol 1-0 Real Madrid,Espanyol,Real Madrid,4x7uzww3jur4re7sgt3mslyj8,7uum9l54eou5lsryh2877uqs4
2025-02-01,22,Atlético Madrid 2-0 Mallorca,Atlético Madrid,Mallorca,4x7uzww3jur4re7sgt3mslyj8,7sgcrgjdm803jh0c6rpgws7pw
2025-02-01,22,Villarreal 5-1 Real Valladolid,Villarreal,Real Valladolid,4x7uzww3jur4re7sgt3mslyj8,7u2d4hk8738x73owqyxmh67tg
2025-02-01,22,Getafe 0-0 Sevilla,Getafe,Sevilla,4x7uzww3jur4re7sgt3mslyj8,7suqx93dzmv9u710mpdc4iz2s
2025-01-31,22,Leganés 0-1 Rayo Vallecano,Leganés,Rayo Vallecano,4x7uzww3jur4re7sgt3mslyj8,7ugwmiysltr9ml7mnhx4us4yc
2025-01-27,21,Deportivo Alavés 1-1 Celta de Vigo,Deportivo Alavés,Celta de Vigo,4x7uzww3jur4re7sgt3mslyj8,7pzkhs4e155a2izm8xkyfs6c4
2025-01-26,21,Barcelona 7-1 Valencia,Barcelona,Valencia,4x7uzww3jur4re7sgt3mslyj8,7p6ctmdcj509hh1ht5ex75rmc
2025-01-26,21,Athletic Club 0-0 Leganés,Athletic Club,Leganés,4x7uzww3jur4re7sgt3mslyj8,7od0vycpi6kwfynnb8ym9b384
2025-01-26,21,Real Sociedad 0-3 Getafe,Real Sociedad,Getafe,4x7uzww3jur4re7sgt3mslyj8,7qsqd8qe2qousvl1cbvmwrwno
2025-01-26,21,Rayo Vallecano 2-1 Girona,Rayo Vallecano,Girona,4x7uzww3jur4re7sgt3mslyj8,7r7ehm4vsgffbqn027vjdox04
2025-01-25,21,Real Valladolid 0-3 Real Madrid,Real Valladolid,Real Madrid,4x7uzww3jur4re7sgt3mslyj8,7rmj1etarzdycexktczlff11w
2025-01-25,21,Sevilla 1-1 Espanyol,Sevilla,Espanyol,4x7uzww3jur4re7sgt3mslyj8,7s0eri1yrt65jtdqkihp2xmhg
2025-01-25,21,Atlético Madrid 1-1 Villarreal,Atlético Madrid,Villarreal,4x7uzww3jur4re7sgt3mslyj8,7orni84bi3xe7mbmhzd1c5nh0
2025-01-25,21,Mallorca 0-1 Real Betis,Mallorca,Real Betis,4x7uzww3jur4re7sgt3mslyj8,7qe5ulrtamikh412jtbvw87x0
2025-01-24,21,Las Palmas 1-1 Osasuna,Las Palmas,Osasuna,4x7uzww3jur4re7sgt3mslyj8,7pl26osi3850nw3yttsztjtp0
2025-01-20,20,Villarreal 4-0 Mallorca,Villarreal,Mallorca,4x7uzww3jur4re7sgt3mslyj8,7mr6mc9hcr8gn7z37x5o4wr9w
2025-01-19,20,Valencia 1-0 Real Sociedad,Valencia,Real Sociedad,4x7uzww3jur4re7sgt3mslyj8,7n5l1br6mze0f1x325okja784
2025-01-19,20,Osasuna 1-1 Rayo Vallecano,Osasuna,Rayo Vallecano,4x7uzww3jur4re7sgt3mslyj8,7kpumzewnu7zka0x2i3a9iadw
2025-01-19,20,Real Madrid 4-1 Las Palmas,Real Madrid,Las Palmas,4x7uzww3jur4re7sgt3mslyj8,7njwnvpazrbnzbcoby9ob1zpw
2025-01-19,20,Celta de Vigo 1-2 Athletic Club,Celta de Vigo,Athletic Club,4x7uzww3jur4re7sgt3mslyj8,7lha50m3erf18kdx3jiruhvys
2025-01-18,20,Getafe 1-1 Barcelona,Getafe,Barcelona,4x7uzww3jur4re7sgt3mslyj8,7maprxlnpb00agmzn1zhv2ql0
2025-01-18,20,Real Betis 1-3 Deportivo Alavés,Real Betis,Deportivo Alavés,4x7uzww3jur4re7sgt3mslyj8,7nyfr26uys20b4gvvs82hvbpw
2025-01-18,20,Leganés 1-0 Atlético Madrid,Leganés,Atlético Madrid,4x7uzww3jur4re7sgt3mslyj8,7lw3lapb50fdei5c1f4vk639w
2025-01-18,20,Girona 1-2 Sevilla,Girona,Sevilla,4x7uzww3jur4re7sgt3mslyj8,7kb64tppudupl2cpc2u05o8ic
2025-01-17,20,Espanyol 2-1 Real Valladolid,Espanyol,Real Valladolid,4x7uzww3jur4re7sgt3mslyj8,7l3jwu7az5rmshwzrdied0cus
2025-01-13,19,Real Sociedad 1-0 Villarreal,Real Sociedad,Villarreal,4x7uzww3jur4re7sgt3mslyj8,7h1kn1uskboomf15gmovbwavo
2025-01-12,19,Atlético Madrid 1-0 Osasuna,Atlético Madrid,Osasuna,4x7uzww3jur4re7sgt3mslyj8,7gmqcaeo0nbwicrswmmj7lixg
2025-01-12,19,Las Palmas 1-2 Getafe,Las Palmas,Getafe,4x7uzww3jur4re7sgt3mslyj8,7jwjh7338cewc0yx13jh4buac
2025-01-11,19,Sevilla 1-1 Valencia,Sevilla,Valencia,4x7uzww3jur4re7sgt3mslyj8,7hin3ls4n2rne7lhgzoy1jtp0
2025-01-11,19,Espanyol 1-1 Leganés,Espanyol,Leganés,4x7uzww3jur4re7sgt3mslyj8,7ibcf0osl4qe2dk43q5f369sk
2025-01-11,19,Real Valladolid 1-0 Real Betis,Real Valladolid,Real Betis,4x7uzww3jur4re7sgt3mslyj8,7j3fa84eopbi3u5g74xz483ys
2025-01-11,19,Deportivo Alavés 0-1 Girona,Deportivo Alavés,Girona,4x7uzww3jur4re7sgt3mslyj8,7hxgj3peug6f9i1n0mq0w0qhg
2025-01-10,19,Rayo Vallecano 2-1 Celta de Vigo,Rayo Vallecano,Celta de Vigo,4x7uzww3jur4re7sgt3mslyj8,7jhwwqtmxi70el5rlr3rs8bv8
2025-01-03,12,Valencia 1-2 Real Madrid,Valencia,Real Madrid,4x7uzww3jur4re7sgt3mslyj8,6qggsn9rwpzkypp81nijecj6c
2024-12-22,18,Real Betis 1-1 Rayo Vallecano,Real Betis,Rayo Vallecano,4x7uzww3jur4re7sgt3mslyj8,7c71fwybxuerr5jjr4p85s0es
2024-12-22,18,Las Palmas 1-0 Espanyol,Las Palmas,Espanyol,4x7uzww3jur4re7sgt3mslyj8,7fu03cgwj42dy8mhciai7au50
2024-12-22,18,Leganés 2-5 Villarreal,Leganés,Villarreal,4x7uzww3jur4re7sgt3mslyj8,7e887z48e1axq53jsaqs2vjf8
2024-12-22,18,Real Madrid 4-2 Sevilla,Real Madrid,Sevilla,4x7uzww3jur4re7sgt3mslyj8,7dthscik4ewme768879kdhiqc
2024-12-22,18,Valencia 2-2 Deportivo Alavés,Valencia,Deportivo Alavés,4x7uzww3jur4re7sgt3mslyj8,7fg7wyhgt70ch6dbx9xk7fspg
2024-12-21,18,Barcelona 1-2 Atlético Madrid,Barcelona,Atlético Madrid,4x7uzww3jur4re7sgt3mslyj8,7f1q6o2xl2m147rhfietwq9ec
2024-12-21,18,Osasuna 1-2 Athletic Club,Osasuna,Athletic Club,4x7uzww3jur4re7sgt3mslyj8,7en5oqifhc73cyhxxdlo4obv8
2024-12-21,18,Celta de Vigo 2-0 Real Sociedad,Celta de Vigo,Real Sociedad,4x7uzww3jur4re7sgt3mslyj8,7clks4m6lq5cl5zybprfzqzo4
2024-12-21,18,Getafe 0-1 Mallorca,Getafe,Mallorca,4x7uzww3jur4re7sgt3mslyj8,7d09egj07v1mt60862supzxn8
2024-12-20,18,Girona 3-0 Real Valladolid,Girona,Real Valladolid,4x7uzww3jur4re7sgt3mslyj8,7dew6u2cpti7hq4mb06lh1rf8
2024-12-18,13,Espanyol 1-1 Valencia,Espanyol,Valencia,4x7uzww3jur4re7sgt3mslyj8,6st8ht24yy6r4nxexllud6rkk
2024-12-18,12,Villarreal 1-1 Rayo Vallecano,Villarreal,Rayo Vallecano,4x7uzww3jur4re7sgt3mslyj8,6q1x9ldpfmd125sqfbep9eplg
2024-12-15,17,Barcelona 0-1 Leganés,Barcelona,Leganés,4x7uzww3jur4re7sgt3mslyj8,78joh39ikz3w63j3do7bbekgk
2024-12-15,17,Real Sociedad 0-0 Las Palmas,Real Sociedad,Las Palmas,4x7uzww3jur4re7sgt3mslyj8,7bsq4wfp2ik6jxz22cq868s2c
2024-12-15,17,Villarreal 1-2 Real Betis,Villarreal,Real Betis,4x7uzww3jur4re7sgt3mslyj8,7a4h0nlqxunsv5zk3rhad8yl0
2024-12-15,17,Deportivo Alavés 1-1 Athletic Club,Deportivo Alavés,Athletic Club,4x7uzww3jur4re7sgt3mslyj8,79d35c967hlzztv9vgazqu0wk
2024-12-15,17,Atlético Madrid 1-0 Getafe,Atlético Madrid,Getafe,4x7uzww3jur4re7sgt3mslyj8,7850m5rbwfzgun3av5srreqs4
2024-12-14,17,Rayo Vallecano 3-3 Real Madrid,Rayo Vallecano,Real Madrid,4x7uzww3jur4re7sgt3mslyj8,78yaz9t15odaxqfaq5qdolqms
2024-12-14,17,Sevilla 1-0 Celta de Vigo,Sevilla,Celta de Vigo,4x7uzww3jur4re7sgt3mslyj8,7aj38m30yhpi4qybumtyybnkk
2024-12-14,17,Mallorca 2-1 Girona,Mallorca,Girona,4x7uzww3jur4re7sgt3mslyj8,7axqcekjvpl9b7le61gnmgsgk
2024-12-14,17,Espanyol 0-0 Osasuna,Espanyol,Osasuna,4x7uzww3jur4re7sgt3mslyj8,79qpk2mogz5y47z4eq9geymtw
2024-12-13,17,Real Valladolid 1-0 Valencia,Real Valladolid,Valencia,4x7uzww3jur4re7sgt3mslyj8,7bc7bhlxjy43uagkoihryq13o
2024-12-09,16,Getafe 1-0 Espanyol,Getafe,Espanyol,4x7uzww3jur4re7sgt3mslyj8,77r8u69g289un1n3bbgog51ck
2024-12-08,16,Atlético Madrid 4-3 Sevilla,Atlético Madrid,Sevilla,4x7uzww3jur4re7sgt3mslyj8,74h1yfsvqa16s16aupaovwcgk
2024-12-08,16,Osasuna 2-2 Deportivo Alavés,Osasuna,Deportivo Alavés,4x7uzww3jur4re7sgt3mslyj8,77drajgi3btgu23hbkp2y0ro4
2024-12-08,16,Athletic Club 2-0 Villarreal,Athletic Club,Villarreal,4x7uzww3jur4re7sgt3mslyj8,742iljdzywcdxe1th8ownli50
2024-12-08,16,Leganés 0-3 Real Sociedad,Leganés,Real Sociedad,4x7uzww3jur4re7sgt3mslyj8,763zbbgle0o63qb0a9n1bygb8
2024-12-07,16,Girona 0-3 Real Madrid,Girona,Real Madrid,4x7uzww3jur4re7sgt3mslyj8,75aj64v9t2kmg50a6ur2j7itw
2024-12-07,16,Valencia 0-1 Rayo Vallecano,Valencia,Rayo Vallecano,4x7uzww3jur4re7sgt3mslyj8,76zahx7f1r6xs2n3n8m3bam8k
2024-12-07,16,Real Betis 2-2 Barcelona,Real Betis,Barcelona,4x7uzww3jur4re7sgt3mslyj8,76kjhvrctrzgjs3lux65pzfh0
2024-12-07,16,Las Palmas 2-1 Real Valladolid,Las Palmas,Real Valladolid,4x7uzww3jur4re7sgt3mslyj8,75p81ujl6s1ypa88m8qfdu0b8
2024-12-06,16,Celta de Vigo 2-0 Mallorca,Celta de Vigo,Mallorca,4x7uzww3jur4re7sgt3mslyj8,74vs32lqyvtncixtqm56i2ivo
2024-12-04,19,Athletic Club 2-1 Real Madrid,Athletic Club,Real Madrid,4x7uzww3jur4re7sgt3mslyj8,7g7s7mx5srni9nmpe3mpbui38
2024-12-03,19,Mallorca 1-5 Barcelona,Mallorca,Barcelona,4x7uzww3jur4re7sgt3mslyj8,7ip3k9p8078zk6m5vz1314sgk
2024-12-02,15,Sevilla 1-1 Osasuna,Sevilla,Osasuna,4x7uzww3jur4re7sgt3mslyj8,73ny3niy2ur4b53v9seh3zac4
2024-12-01,15,Real Sociedad 2-0 Real Betis,Real Sociedad,Real Betis,4x7uzww3jur4re7sgt3mslyj8,72fy98aa5bh0lbvyc5iklbrpw
2024-12-01,15,Rayo Vallecano 1-2 Athletic Club,Rayo Vallecano,Athletic Club,4x7uzww3jur4re7sgt3mslyj8,71mrc86xzidsp5cwkzbf2pxxw
2024-12-01,15,Real Madrid 2-0 Getafe,Real Madrid,Getafe,4x7uzww3jur4re7sgt3mslyj8,72up4v7514muef0voyn2o3ggk
2024-12-01,15,Villarreal 2-2 Girona,Villarreal,Girona,4x7uzww3jur4re7sgt3mslyj8,739cgai6cd7jzbi6s1132inmc
2024-11-30,15,Real Valladolid 0-5 Atlético Madrid,Real Valladolid,Atlético Madrid,4x7uzww3jur4re7sgt3mslyj8,721czcw56iepujw2r65i81yqc
2024-11-30,15,Espanyol 3-1 Celta de Vigo,Espanyol,Celta de Vigo,4x7uzww3jur4re7sgt3mslyj8,718xfkjsr9yxi3949rqytllp0
2024-11-30,15,Deportivo Alavés 1-1 Leganés,Deportivo Alavés,Leganés,4x7uzww3jur4re7sgt3mslyj8,70vbfm3rk1r28lzhthwufi2vo
2024-11-30,15,Barcelona 1-2 Las Palmas,Barcelona,Las Palmas,4x7uzww3jur4re7sgt3mslyj8,700hkkqjgon5vinnhqpomvlsk
2024-11-29,15,Mallorca 2-1 Valencia,Mallorca,Valencia,4x7uzww3jur4re7sgt3mslyj8,70evdr8r0o9z5v0z0hzpii9ec
2024-11-24,14,Athletic Club 1-0 Real Sociedad,Athletic Club,Real Sociedad,4x7uzww3jur4re7sgt3mslyj8,6vz8do8bkrdtssjhfhcghdt78
2024-11-24,14,Leganés 0-3 Real Madrid,Leganés,Real Madrid,4x7uzww3jur4re7sgt3mslyj8,6xm7awthmi5y08w85e28qarys
2024-11-24,14,Sevilla 1-0 Rayo Vallecano,Sevilla,Rayo Vallecano,4x7uzww3jur4re7sgt3mslyj8,6yu8yb0j8ns3dkbhvtt6v3bx0
2024-11-24,14,Osasuna 2-2 Villarreal,Osasuna,Villarreal,4x7uzww3jur4re7sgt3mslyj8,6wswnj03liqqa3b7e3fisjl78
2024-11-23,14,Celta de Vigo 2-2 Barcelona,Celta de Vigo,Barcelona,4x7uzww3jur4re7sgt3mslyj8,6y0rev1t8s1s8hppafgrnmuc4
2024-11-23,14,Girona 4-1 Espanyol,Girona,Espanyol,4x7uzww3jur4re7sgt3mslyj8,6zmf81flt0nkgrgwt2z4q5uz8
2024-11-23,14,Las Palmas 2-3 Mallorca,Las Palmas,Mallorca,4x7uzww3jur4re7sgt3mslyj8,6x7muo25mpm0pflmu9sajsoic
2024-11-23,14,Atlético Madrid 2-1 Deportivo Alavés,Atlético Madrid,Deportivo Alavés,4x7uzww3jur4re7sgt3mslyj8,6z8o2nii9u9o2jzjamlmcy5uc
2024-11-23,14,Valencia 4-2 Real Betis,Valencia,Real Betis,4x7uzww3jur4re7sgt3mslyj8,6yfgav6ifl2uubennqmu6xkwk
2024-11-22,14,Getafe 2-0 Real Valladolid,Getafe,Real Valladolid,4x7uzww3jur4re7sgt3mslyj8,6webe8qervdlrasrusi82o93o
2024-11-10,13,Real Sociedad 1-0 Barcelona,Real Sociedad,Barcelona,4x7uzww3jur4re7sgt3mslyj8,6u0m4na1ejhk0ru961g48ns44
2024-11-10,13,Real Valladolid 1-1 Athletic Club,Real Valladolid,Athletic Club,4x7uzww3jur4re7sgt3mslyj8,6t7287lij4eth62k8qkfyqqdw
2024-11-10,13,Getafe 0-1 Girona,Getafe,Girona,4x7uzww3jur4re7sgt3mslyj8,6s18gg5xojxxyeys58alps1zo
2024-11-10,13,Mallorca 0-1 Atlético Madrid,Mallorca,Atlético Madrid,4x7uzww3jur4re7sgt3mslyj8,6tlu0ldjfj9uvk2x4ozh4zdas
2024-11-10,13,Real Betis 2-2 Celta de Vigo,Real Betis,Celta de Vigo,4x7uzww3jur4re7sgt3mslyj8,6rmoy5sr5g3tsmr7fmkrlvms4
2024-11-09,13,Leganés 1-0 Sevilla,Leganés,Sevilla,4x7uzww3jur4re7sgt3mslyj8,6sfnrmw4iybhpy2wls4nilq8k
2024-11-09,13,Villarreal 3-0 Deportivo Alavés,Villarreal,Deportivo Alavés,4x7uzww3jur4re7sgt3mslyj8,6vkjqtbv32tgj2g95siowa1hw
2024-11-09,13,Real Madrid 4-0 Osasuna,Real Madrid,Osasuna,4x7uzww3jur4re7sgt3mslyj8,6upih8qpars31g59rswn9vfo4
2024-11-08,13,Rayo Vallecano 1-3 Las Palmas,Rayo Vallecano,Las Palmas,4x7uzww3jur4re7sgt3mslyj8,6v46rpwxiimqh7nnfvvvezpjo
2024-11-04,12,Celta de Vigo 1-0 Getafe,Celta de Vigo,Getafe,4x7uzww3jur4re7sgt3mslyj8,6odxa3al8lpv1n8isl4qqwoic
2024-11-03,12,Athletic Club 1-1 Real Betis,Athletic Club,Real Betis,4x7uzww3jur4re7sgt3mslyj8,6nl064c1ff2l3k2jloed2ehhw
2024-11-03,12,Sevilla 0-2 Real Sociedad,Sevilla,Real Sociedad,4x7uzww3jur4re7sgt3mslyj8,6qv3gqr84p2e37rh5ly0i03ys
2024-11-03,12,Barcelona 3-1 Espanyol,Barcelona,Espanyol,4x7uzww3jur4re7sgt3mslyj8,6r8wwv3jv71nrekp8s2tivyfo
2024-11-03,12,Atlético Madrid 2-0 Las Palmas,Atlético Madrid,Las Palmas,4x7uzww3jur4re7sgt3mslyj8,6nzf32jr50zk35iaq81405tsk
2024-11-02,12,Girona 4-3 Leganés,Girona,Leganés,4x7uzww3jur4re7sgt3mslyj8,6osf9iabkyrr6ttqwgsr5naj8
2024-11-02,12,Osasuna 1-0 Real Valladolid,Osasuna,Real Valladolid,4x7uzww3jur4re7sgt3mslyj8,6p6ymn8geskwqik6rc06k4phw
2024-11-01,12,Deportivo Alavés 1-0 Mallorca,Deportivo Alavés,Mallorca,4x7uzww3jur4re7sgt3mslyj8,6pn928nisfaxaczy6cp8b1n2s
2024-10-28,11,Mallorca 0-0 Athletic Club,Mallorca,Athletic Club,4x7uzww3jur4re7sgt3mslyj8,6kc6tbuzh4psnzpedmpuuexas
2024-10-27,11,Real Sociedad 0-2 Osasuna,Real Sociedad,Osasuna,4x7uzww3jur4re7sgt3mslyj8,6md9ttmkpwo7bs5mznbmhg844
2024-10-27,11,Real Betis 1-0 Atlético Madrid,Real Betis,Atlético Madrid,4x7uzww3jur4re7sgt3mslyj8,6kqq8l70v2epftuk9h7e8fklw
2024-10-27,11,Getafe 1-1 Valencia,Getafe,Valencia,4x7uzww3jur4re7sgt3mslyj8,6jiwkla2x9d2ez2q4yrz1hlw4
2024-10-27,11,Leganés 3-0 Celta de Vigo,Leganés,Celta de Vigo,4x7uzww3jur4re7sgt3mslyj8,6ljsu6bdwf1c9xzbrm6g48m50
2024-10-26,11,Real Madrid 0-4 Barcelona,Real Madrid,Barcelona,4x7uzww3jur4re7sgt3mslyj8,6l5ceiwz9xtp9wl8qkdrkwff8
2024-10-26,11,Las Palmas 1-0 Girona,Las Palmas,Girona,4x7uzww3jur4re7sgt3mslyj8,6lyln7s8ftleqvff5wt4pyntg
2024-10-26,11,Rayo Vallecano 1-0 Deportivo Alavés,Rayo Vallecano,Deportivo Alavés,4x7uzww3jur4re7sgt3mslyj8,6n6i40wd0lgb3dae8bc6ezztg
2024-10-26,11,Real Valladolid 1-2 Villarreal,Real Valladolid,Villarreal,4x7uzww3jur4re7sgt3mslyj8,6mrxozgbxxb9tnnxtq9gxknpw
2024-10-25,11,Espanyol 0-2 Sevilla,Espanyol,Sevilla,4x7uzww3jur4re7sgt3mslyj8,6jwqlsks4qalg9jurq81iglck
2024-10-21,10,Valencia 2-3 Las Palmas,Valencia,Las Palmas,4x7uzww3jur4re7sgt3mslyj8,6irfxmrjbaan5caqwab8xq9zo
2024-10-20,10,Barcelona 5-1 Sevilla,Barcelona,Sevilla,4x7uzww3jur4re7sgt3mslyj8,6fxech6nwatkx9ve4yusp3uhg
2024-10-20,10,Villarreal 1-1 Getafe,Villarreal,Getafe,4x7uzww3jur4re7sgt3mslyj8,6icvpmsvyijojghn1uhr94kk4
2024-10-20,10,Atlético Madrid 3-1 Leganés,Atlético Madrid,Leganés,4x7uzww3jur4re7sgt3mslyj8,6fis5s5i2e7uv1z8wzcrlnk0k
2024-10-20,10,Mallorca 1-0 Rayo Vallecano,Mallorca,Rayo Vallecano,4x7uzww3jur4re7sgt3mslyj8,6h4opdcr03yxpmu6u4lcmqln8
2024-10-19,10,Celta de Vigo 1-2 Real Madrid,Celta de Vigo,Real Madrid,4x7uzww3jur4re7sgt3mslyj8,6gbsyrjq2pwe4heho3hx6pclw
2024-10-19,10,Girona 0-1 Real Sociedad,Girona,Real Sociedad,4x7uzww3jur4re7sgt3mslyj8,6gq5zi3dzxmlg34bc0p1qh5w4
2024-10-19,10,Osasuna 1-2 Real Betis,Osasuna,Real Betis,4x7uzww3jur4re7sgt3mslyj8,6hycbbluudc6jssb3mesju7tg
2024-10-19,10,Athletic Club 4-1 Espanyol,Athletic Club,Espanyol,4x7uzww3jur4re7sgt3mslyj8,6j53txcxd3d5xymq7py5kykus
2024-10-18,10,Deportivo Alavés 2-3 Real Valladolid,Deportivo Alavés,Real Valladolid,4x7uzww3jur4re7sgt3mslyj8,6hjbwnq8ofmw5i84s9la32p04
2024-10-06,9,Real Sociedad 1-1 Atlético Madrid,Real Sociedad,Atlético Madrid,4x7uzww3jur4re7sgt3mslyj8,6dtjx87yffxl5ac75q3k13pqs
2024-10-06,9,Sevilla 1-0 Real Betis,Sevilla,Real Betis,4x7uzww3jur4re7sgt3mslyj8,6e8fu3jiqoblrt70tfpycctuc
2024-10-06,9,Deportivo Alavés 0-3 Barcelona,Deportivo Alavés,Barcelona,4x7uzww3jur4re7sgt3mslyj8,6c8p4cgbqywptvo6lilt2mnf8
2024-10-06,9,Girona 2-1 Athletic Club,Girona,Athletic Club,4x7uzww3jur4re7sgt3mslyj8,6dejybh88d2bz7rbo64nxde6s
2024-10-05,9,Real Madrid 2-0 Villarreal,Real Madrid,Villarreal,4x7uzww3jur4re7sgt3mslyj8,6bu6tnf33gay36zm1d6p61wr8
2024-10-05,9,Real Valladolid 1-2 Rayo Vallecano,Real Valladolid,Rayo Vallecano,4x7uzww3jur4re7sgt3mslyj8,6f40b8phg3ut4rbh119krjwgk
2024-10-05,9,Las Palmas 0-1 Celta de Vigo,Las Palmas,Celta de Vigo,4x7uzww3jur4re7sgt3mslyj8,6epfq0i6hy5rpdobekarp5st0
2024-10-05,9,Getafe 1-1 Osasuna,Getafe,Osasuna,4x7uzww3jur4re7sgt3mslyj8,6bfl7c5wl3huc70e8fbok8ys4
2024-10-05,9,Espanyol 2-1 Mallorca,Espanyol,Mallorca,4x7uzww3jur4re7sgt3mslyj8,6d0u0xeee4wz6ojhbyh2r6yac
2024-10-04,9,Leganés 0-0 Valencia,Leganés,Valencia,4x7uzww3jur4re7sgt3mslyj8,6cn9zts9vzu0cfy0ms2pbf1uc
2024-09-30,8,Villarreal 3-1 Las Palmas,Villarreal,Las Palmas,4x7uzww3jur4re7sgt3mslyj8,69v1396td9466vft0tuygcd90
2024-09-29,8,Atlético Madrid 1-1 Real Madrid,Atlético Madrid,Real Madrid,4x7uzww3jur4re7sgt3mslyj8,67t6jdk03argdkp4enrhycqac
2024-09-29,8,Real Betis 1-0 Espanyol,Real Betis,Espanyol,4x7uzww3jur4re7sgt3mslyj8,6b1o8xruzdij3xnwprnkwt05w
2024-09-29,8,Athletic Club 1-1 Sevilla,Athletic Club,Sevilla,4x7uzww3jur4re7sgt3mslyj8,67elmttf59akqb6h72l7fqqz8
2024-09-29,8,Celta de Vigo 1-1 Girona,Celta de Vigo,Girona,4x7uzww3jur4re7sgt3mslyj8,687puky17rzj95b7f9rqb1rtg
2024-09-28,8,Osasuna 4-2 Barcelona,Osasuna,Barcelona,4x7uzww3jur4re7sgt3mslyj8,690iee00hs40h0o94hak47tp0
2024-09-28,8,Real Sociedad 3-0 Valencia,Real Sociedad,Valencia,4x7uzww3jur4re7sgt3mslyj8,68m2m1s5dol5di2vl19e1hd78
2024-09-28,8,Rayo Vallecano 1-1 Leganés,Rayo Vallecano,Leganés,4x7uzww3jur4re7sgt3mslyj8,6ao078l4kyhkgamhkopljt89g
2024-09-28,8,Getafe 2-0 Deportivo Alavés,Getafe,Deportivo Alavés,4x7uzww3jur4re7sgt3mslyj8,6a9fqe2av4fcdm83qdsuvqrro
2024-09-27,8,Real Valladolid 1-2 Mallorca,Real Valladolid,Mallorca,4x7uzww3jur4re7sgt3mslyj8,69gpwcr00zri26svtn0oaoduc
2024-09-26,7,Celta de Vigo 0-1 Atlético Madrid,Celta de Vigo,Atlético Madrid,4x7uzww3jur4re7sgt3mslyj8,65s0nz9qa94kr4g9my3p7ynf8
2024-09-26,7,Las Palmas 1-1 Real Betis,Las Palmas,Real Betis,4x7uzww3jur4re7sgt3mslyj8,666itf9ca5gc32h2l5wlo6zo4
2024-09-26,7,Espanyol 1-2 Villarreal,Espanyol,Villarreal,4x7uzww3jur4re7sgt3mslyj8,64zsgl4deyxdr5rdpamwtlams
2024-09-25,7,Barcelona 1-0 Getafe,Barcelona,Getafe,4x7uzww3jur4re7sgt3mslyj8,63caanmmwfogw1hbixp2zklqs
2024-09-25,7,Girona 0-0 Rayo Vallecano,Girona,Rayo Vallecano,4x7uzww3jur4re7sgt3mslyj8,63syq47tm563i22egotcb7itw
2024-09-24,7,Real Madrid 3-2 Deportivo Alavés,Real Madrid,Deportivo Alavés,4x7uzww3jur4re7sgt3mslyj8,66zosz3fqz2ztfu9it2muu42c
2024-09-24,7,Valencia 0-0 Osasuna,Valencia,Osasuna,4x7uzww3jur4re7sgt3mslyj8,66l34ax3m29s58ud7hbv3bd3o
2024-09-24,7,Sevilla 2-1 Real Valladolid,Sevilla,Real Valladolid,4x7uzww3jur4re7sgt3mslyj8,64lywndahglmvr118amfxkf10
2024-09-23,6,Real Betis 1-2 Mallorca,Real Betis,Mallorca,4x7uzww3jur4re7sgt3mslyj8,5zqhn00v48eye91tctbo1uo0k
2024-09-22,6,Rayo Vallecano 1-1 Atlético Madrid,Rayo Vallecano,Atlético Madrid,4x7uzww3jur4re7sgt3mslyj8,60yfcq9jjwkz23gcvqpuifoyc
2024-09-22,6,Villarreal 1-5 Barcelona,Villarreal,Barcelona,4x7uzww3jur4re7sgt3mslyj8,61cwhjuf2ktyf9a4amp57ieqc
2024-09-22,6,Athletic Club 3-1 Celta de Vigo,Athletic Club,Celta de Vigo,4x7uzww3jur4re7sgt3mslyj8,5zc13oz3ip4z5wbqbhej6uhhw
2024-09-22,6,Getafe 1-1 Leganés,Getafe,Leganés,4x7uzww3jur4re7sgt3mslyj8,604ya0n4fh6nijyxuxybr0is4
2024-09-21,6,Real Madrid 4-1 Espanyol,Real Madrid,Espanyol,4x7uzww3jur4re7sgt3mslyj8,62ynouhnra4702bfgi3cuakus
2024-09-21,6,Valencia 2-0 Girona,Valencia,Girona,4x7uzww3jur4re7sgt3mslyj8,61rjxg15ik34493xle4c72psk
2024-09-21,6,Osasuna 2-1 Las Palmas,Osasuna,Las Palmas,4x7uzww3jur4re7sgt3mslyj8,62kw8d568qve1rhminzbmxn9w
2024-09-21,6,Real Valladolid 0-0 Real Sociedad,Real Valladolid,Real Sociedad,4x7uzww3jur4re7sgt3mslyj8,626errdvn7ta3vncvipxpdtzo
2024-09-20,6,Deportivo Alavés 2-1 Sevilla,Deportivo Alavés,Sevilla,4x7uzww3jur4re7sgt3mslyj8,60jqe1h7rodt2n113439gf40k
2024-09-19,7,Leganés 0-2 Athletic Club,Leganés,Athletic Club,4x7uzww3jur4re7sgt3mslyj8,65dekeom0wbecv9pu2vfb9kb8
2024-09-18,3,Real Betis 2-1 Getafe,Real Betis,Getafe,4x7uzww3jur4re7sgt3mslyj8,5ns4fg6y1hq3cufyms4pd1vdg
2024-09-17,7,Mallorca 1-0 Real Sociedad,Mallorca,Real Sociedad,4x7uzww3jur4re7sgt3mslyj8,647jn50wp2vojesyn36x66nf8
2024-09-16,5,Rayo Vallecano 3-1 Osasuna,Rayo Vallecano,Osasuna,4x7uzww3jur4re7sgt3mslyj8,5y4lx9rzp0ow61yo13pi3nxuc
2024-09-15,5,Atlético Madrid 3-0 Valencia,Atlético Madrid,Valencia,4x7uzww3jur4re7sgt3mslyj8,5vblcjrjoaquvkt23jpttrlec
2024-09-15,5,Las Palmas 2-3 Athletic Club,Las Palmas,Athletic Club,4x7uzww3jur4re7sgt3mslyj8,5wxdb9o5eg7sffkn8m09r0qok
2024-09-15,5,Girona 1-4 Barcelona,Girona,Barcelona,4x7uzww3jur4re7sgt3mslyj8,5xbnsmhknyjgljqluckg5ifx0
2024-09-15,5,Celta de Vigo 3-1 Real Valladolid,Celta de Vigo,Real Valladolid,4x7uzww3jur4re7sgt3mslyj8,5w4b6ohqxt21h0vglnjgvpes4
2024-09-14,5,Real Sociedad 0-2 Real Madrid,Real Sociedad,Real Madrid,4x7uzww3jur4re7sgt3mslyj8,5yklujtutkh5ksc5f5iojpdzo
2024-09-14,5,Sevilla 1-0 Getafe,Sevilla,Getafe,4x7uzww3jur4re7sgt3mslyj8,5xq75nlg0hhutyqys6lqj0hzo
2024-09-14,5,Espanyol 3-2 Deportivo Alavés,Espanyol,Deportivo Alavés,4x7uzww3jur4re7sgt3mslyj8,5yyc4zqwgchbo16kocdcq1ams
2024-09-14,5,Mallorca 1-2 Villarreal,Mallorca,Villarreal,4x7uzww3jur4re7sgt3mslyj8,5wiwtn06uxlem9qm2mhnxggt0
2024-09-13,5,Real Betis 2-0 Leganés,Real Betis,Leganés,4x7uzww3jur4re7sgt3mslyj8,5vpwbyi79lvl0ukif4cyygnpw
2024-09-01,4,Real Madrid 2-0 Real Betis,Real Madrid,Real Betis,4x7uzww3jur4re7sgt3mslyj8,5u3wx1ukwc8ezs3iztiha7bx0
2024-09-01,4,Getafe 0-0 Real Sociedad,Getafe,Real Sociedad,4x7uzww3jur4re7sgt3mslyj8,5s3xwqhpxe5lxs3fskk6vtr84
2024-09-01,4,Sevilla 0-2 Girona,Sevilla,Girona,4x7uzww3jur4re7sgt3mslyj8,5ux5nsf6org4a8iugiyofzlec
2024-09-01,4,Osasuna 3-2 Celta de Vigo,Osasuna,Celta de Vigo,4x7uzww3jur4re7sgt3mslyj8,5uiswh4s7uixm5suih5vyz2ms
2024-09-01,4,Deportivo Alavés 2-0 Las Palmas,Deportivo Alavés,Las Palmas,4x7uzww3jur4re7sgt3mslyj8,5synj2tonhl9q7029mdt8p2qc
2024-08-31,4,Leganés 0-1 Mallorca,Leganés,Mallorca,4x7uzww3jur4re7sgt3mslyj8,5td1p1s4tqjpjp87klzwu2rkk
2024-08-31,4,Valencia 1-1 Villarreal,Valencia,Villarreal,4x7uzww3jur4re7sgt3mslyj8,5sicbm55qbgeecbcprwy97uac
2024-08-31,4,Espanyol 2-1 Rayo Vallecano,Espanyol,Rayo Vallecano,4x7uzww3jur4re7sgt3mslyj8,5tqfezsv146ktc9c481m2lkpg
2024-08-31,4,Athletic Club 0-1 Atlético Madrid,Athletic Club,Atlético Madrid,4x7uzww3jur4re7sgt3mslyj8,5rb6zpmugit67qx1oa0b3tz4k
2024-08-31,4,Barcelona 7-0 Real Valladolid,Barcelona,Real Valladolid,4x7uzww3jur4re7sgt3mslyj8,5rpelvwkel423rwai2gfaekno
2024-08-29,3,Las Palmas 1-1 Real Madrid,Las Palmas,Real Madrid,4x7uzww3jur4re7sgt3mslyj8,5ozboc3vkmy8gtsk7gxb7imms
2024-08-29,3,Girona 4-0 Osasuna,Girona,Osasuna,4x7uzww3jur4re7sgt3mslyj8,5o6kqt43c2cjrkp0b6ufovvo4
2024-08-28,3,Atlético Madrid 0-0 Espanyol,Atlético Madrid,Espanyol,4x7uzww3jur4re7sgt3mslyj8,5qxo256z1jw0dps23hd0k06qc
2024-08-28,3,Real Sociedad 1-2 Deportivo Alavés,Real Sociedad,Deportivo Alavés,4x7uzww3jur4re7sgt3mslyj8,5q63q612ph6ma47d4rf69naj8
2024-08-28,3,Real Valladolid 0-0 Leganés,Real Valladolid,Leganés,4x7uzww3jur4re7sgt3mslyj8,5qk8chtwtmvvpatkmcksfcutw
2024-08-28,3,Athletic Club 1-0 Valencia,Athletic Club,Valencia,4x7uzww3jur4re7sgt3mslyj8,5nbu5gmdx5gm9b2wjsybtr76c
2024-08-27,3,Rayo Vallecano 1-2 Barcelona,Rayo Vallecano,Barcelona,4x7uzww3jur4re7sgt3mslyj8,5pdlhap2xv8f1uannrtk1f4lw
2024-08-27,3,Mallorca 0-0 Sevilla,Mallorca,Sevilla,4x7uzww3jur4re7sgt3mslyj8,5okyjoqk1187nzifkct2bqcr8
2024-08-26,3,Villarreal 4-3 Celta de Vigo,Villarreal,Celta de Vigo,4x7uzww3jur4re7sgt3mslyj8,5prygp8gcta4ykggusdxqwys4
2024-08-25,2,Atlético Madrid 3-0 Girona,Atlético Madrid,Girona,4x7uzww3jur4re7sgt3mslyj8,5jegs4j4ybvjcgdaghy7ilwk4
2024-08-25,2,Deportivo Alavés 0-0 Real Betis,Deportivo Alavés,Real Betis,4x7uzww3jur4re7sgt3mslyj8,5le7pln28h10g7u3vlsspflzo
2024-08-25,2,Leganés 2-1 Las Palmas,Leganés,Las Palmas,4x7uzww3jur4re7sgt3mslyj8,5lsd435qp9ov0369fxwxsdq8k
2024-08-25,2,Real Madrid 3-0 Real Valladolid,Real Madrid,Real Valladolid,4x7uzww3jur4re7sgt3mslyj8,5kldlsgi64xxe5nym5szuok5w
2024-08-24,2,Espanyol 0-1 Real Sociedad,Espanyol,Real Sociedad,4x7uzww3jur4re7sgt3mslyj8,5m5srxg0a0rsvjcthcv4qdxqs
2024-08-24,2,Getafe 0-0 Rayo Vallecano,Getafe,Rayo Vallecano,4x7uzww3jur4re7sgt3mslyj8,5k75djtbbjl493cac58zuyqs4
2024-08-24,2,Barcelona 2-1 Athletic Club,Barcelona,Athletic Club,4x7uzww3jur4re7sgt3mslyj8,5mj8s0rijkav768ck08cz6fbo
2024-08-24,2,Osasuna 1-0 Mallorca,Osasuna,Mallorca,4x7uzww3jur4re7sgt3mslyj8,5mxpzicz2rwte364wph5ct3bo
2024-08-23,2,Sevilla 1-2 Villarreal,Sevilla,Villarreal,4x7uzww3jur4re7sgt3mslyj8,5kzt2vp9lvxghav8iiertuplg
2024-08-23,2,Celta de Vigo 3-1 Valencia,Celta de Vigo,Valencia,4x7uzww3jur4re7sgt3mslyj8,5jstvmxnddtgt2x7z9kyrx0yc
2024-08-19,1,Villarreal 2-2 Atlético Madrid,Villarreal,Atlético Madrid,4x7uzww3jur4re7sgt3mslyj8,5glmgn713wlnica0brb18c650
2024-08-19,1,Real Valladolid 1-0 Espanyol,Real Valladolid,Espanyol,4x7uzww3jur4re7sgt3mslyj8,5j0zusmwyelfhjs2edw4ztfdg
2024-08-18,1,Mallorca 1-1 Real Madrid,Mallorca,Real Madrid,4x7uzww3jur4re7sgt3mslyj8,5flq3r7vdtxfv2ysdhmhlxs7o
2024-08-18,1,Real Sociedad 1-2 Rayo Vallecano,Real Sociedad,Rayo Vallecano,4x7uzww3jur4re7sgt3mslyj8,5hl3kbigpss3j000mn0oejg2c
2024-08-17,1,Valencia 1-2 Barcelona,Valencia,Barcelona,4x7uzww3jur4re7sgt3mslyj8,5h3b0pzfw6ldoy2w08t39smj8
2024-08-17,1,Osasuna 1-1 Leganés,Osasuna,Leganés,4x7uzww3jur4re7sgt3mslyj8,5ilutiy199xb72tzt92jl8ges
2024-08-16,1,Las Palmas 2-2 Sevilla,Las Palmas,Sevilla,4x7uzww3jur4re7sgt3mslyj8,5g3vemb94j4xdrnwt6wkmsyz8
2024-08-16,1,Celta de Vigo 2-1 Deportivo Alavés,Celta de Vigo,Deportivo Alavés,4x7uzww3jur4re7sgt3mslyj8,5i2tjytubfo8jgi6mockkrkt0
2024-08-15,1,Real Betis 1-1 Girona,Real Betis,Girona,4x7uzww3jur4re7sgt3mslyj8,5f3ska55qwluoz1kkft477das
2024-08-15,1,Athletic Club 1-1 Getafe,Athletic Club,Getafe,4x7uzww3jur4re7sgt3mslyj8,5ei8cjo15u5k6qgqims0rsutw
