Team,xG,xGA,xGD,Goals,Goals Conceded,GD,GD-xGD,Possession,Field Tilt,xT,xT Against,Passes in Opposition Half,Passes into Box,Shots,Shots Faced,Shots per 1.0 xT,PPDA,High Recoveries,Crosses,Corners,Fouls,Match,Date
Sacramento Republic,0.53,2.30,-1.77,1,1,0,1.77,47.50,49.8,0.77,0.99,189,7,6,9,7.79,12.22,13,9,5,14,Phoenix Rising 1-1 Sacramento Republic,2024-05-04
Phoenix Rising,2.30,0.53,1.77,1,1,0,-1.77,52.50,50.2,0.99,0.77,189,5,9,6,9.09,12.41,8,14,4,12,Phoenix Rising 1-1 Sacramento Republic,2024-05-04
New Mexico United,2.80,1.86,0.94,2,1,1,0.06,48.80,49.53,0.68,0.6,208,18,17,14,25.0,10.13,11,7,3,16,Las Vegas Lights 1-2 New Mexico United,2024-05-04
Las Vegas Lights,1.86,2.80,-0.94,1,2,-1,-0.06,51.20,50.47,0.6,0.68,194,16,14,17,23.33,8.85,11,22,13,12,Las Vegas Lights 1-2 New Mexico United,2024-05-04
Indy Eleven,2.10,1.81,0.29,1,0,1,0.71,41.80,54.86,1.99,1.09,224,21,16,7,8.04,9.33,20,28,6,19,Monterey Bay 0-1 Indy Eleven,2024-05-04
Monterey Bay,1.81,2.10,-0.29,0,1,-1,-0.71,58.20,45.14,1.09,1.99,213,11,7,16,6.42,6.81,2,25,5,16,Monterey Bay 0-1 Indy Eleven,2024-05-04
El Paso Locomotive,1.41,1.66,-0.25,0,2,-2,-1.75,49.70,45.8,1.69,1.1,147,20,9,12,5.33,11.19,12,14,5,13,Colorado Springs 2-0 El Paso Locomotive,2024-05-04
Colorado Springs,1.66,1.41,0.25,2,0,2,1.75,50.30,54.2,1.1,1.69,200,13,12,9,10.91,11.71,10,11,6,14,Colorado Springs 2-0 El Paso Locomotive,2024-05-04
Oakland Roots,1.74,1.23,0.51,2,2,0,-0.51,39.40,43.17,0.55,1.4,162,5,7,9,12.73,13.00,9,15,6,16,San Antonio 2-2 Oakland Roots,2024-05-04
San Antonio,1.23,1.74,-0.51,2,2,0,0.51,60.60,56.83,1.4,0.55,220,13,9,7,6.43,6.08,16,24,10,18,San Antonio 2-2 Oakland Roots,2024-05-04
FC Tulsa,1.36,3.88,-2.52,2,2,0,2.52,49.90,42.01,1.1,1.05,184,11,9,30,8.18,10.76,8,17,4,14,Birmingham Legion 2-2 FC Tulsa,2024-05-04
Birmingham Legion,3.88,1.36,2.52,2,2,0,-2.52,50.10,57.99,1.05,1.1,242,21,30,9,28.57,11.43,9,26,20,14,Birmingham Legion 2-2 FC Tulsa,2024-05-04
Miami,0.43,3.73,-3.30,0,1,-1,2.30,53.00,37.02,0.4,1.16,150,6,7,15,17.5,12.96,4,13,6,13,Pittsburgh Riverhounds 1-0 Miami,2024-05-04
Pittsburgh Riverhounds,3.73,0.43,3.30,1,0,1,-2.30,47.00,62.98,1.16,0.4,234,16,15,7,12.93,11.57,17,16,8,10,Pittsburgh Riverhounds 1-0 Miami,2024-05-04
Detroit City,1.71,2.35,-0.64,0,0,0,0.64,49.00,56.67,0.67,1.28,198,5,9,11,13.43,10.70,17,16,2,17,Loudoun United 0-0 Detroit City,2024-05-04
Loudoun United,2.35,1.71,0.64,0,0,0,-0.64,51.00,43.33,1.28,0.67,161,9,11,9,8.59,14.52,7,16,7,11,Loudoun United 0-0 Detroit City,2024-05-04
Rhode Island,0.48,1.65,-1.17,0,0,0,1.17,58.10,56.76,0.39,0.27,221,9,5,9,12.82,7.54,10,17,3,15,North Carolina 0-0 Rhode Island,2024-05-04
North Carolina,1.65,0.48,1.17,0,0,0,-1.17,41.90,43.24,0.27,0.39,134,7,9,5,33.33,11.65,9,15,14,17,North Carolina 0-0 Rhode Island,2024-05-04
Hartford Athletic,1.82,1.36,0.46,0,1,-1,-1.46,41.50,43.07,0.83,1.14,146,9,9,13,10.84,18.61,13,16,8,9,Charleston Battery 1-0 Hartford Athletic,2024-05-04
Charleston Battery,1.36,1.82,-0.46,1,0,1,1.46,58.50,56.93,1.14,0.83,224,10,13,9,11.4,10.14,18,13,10,15,Charleston Battery 1-0 Hartford Athletic,2024-05-04
Tampa Bay Rowdies,1.24,2.99,-1.75,1,4,-3,-1.25,44.20,58.91,1.03,1.01,183,11,10,21,9.71,9.22,6,21,4,13,Memphis 901 4-1 Tampa Bay Rowdies,2024-05-04
Memphis 901,2.99,1.24,1.75,4,1,3,1.25,55.80,41.09,1.01,1.03,135,8,21,10,20.79,9.86,4,9,2,20,Memphis 901 4-1 Tampa Bay Rowdies,2024-05-04
Monterey Bay,2.36,2.58,-0.22,0,2,-2,-1.78,50.40,51.12,1.5,1.14,196,18,11,15,7.33,10.35,13,26,12,18,Orange County SC 2-0 Monterey Bay,2024-04-27
Orange County SC,2.58,2.36,0.22,2,0,2,1.78,49.60,48.88,1.14,1.5,177,18,15,11,13.16,13.11,14,15,3,12,Orange County SC 2-0 Monterey Bay,2024-04-27
Colorado Springs,3.71,1.18,2.53,2,0,2,-0.53,54.10,54.88,1.56,1.33,221,15,15,9,9.62,8.30,13,16,7,17,Oakland Roots 0-2 Colorado Springs,2024-04-27
Oakland Roots,1.18,3.71,-2.53,0,2,-2,0.53,45.90,45.12,1.33,1.56,177,14,9,15,6.77,10.32,11,14,7,16,Oakland Roots 0-2 Colorado Springs,2024-04-27
Loudoun United,1.16,3.74,-2.58,1,3,-2,0.58,47.90,50.0,1.1,1.08,197,8,11,14,10.0,16.28,8,14,3,7,Sacramento Republic 3-1 Loudoun United,2024-04-27
Sacramento Republic,3.74,1.16,2.58,3,1,2,-0.58,52.10,50.0,1.08,1.1,227,13,14,11,12.96,12.00,16,22,4,15,Sacramento Republic 3-1 Loudoun United,2024-04-27
FC Tulsa,0.98,1.37,-0.39,1,0,1,1.39,44.90,46.54,0.73,0.91,173,14,15,9,20.55,12.27,7,19,11,12,El Paso Locomotive 0-1 FC Tulsa,2024-04-27
El Paso Locomotive,1.37,0.98,0.39,0,1,-1,-1.39,55.10,53.46,0.91,0.73,223,17,9,15,9.89,8.74,16,22,6,10,El Paso Locomotive 0-1 FC Tulsa,2024-04-27
Memphis 901,1.61,1.30,0.31,3,0,3,2.69,39.20,30.27,0.75,1.06,156,4,7,15,9.33,23.05,6,5,3,12,Birmingham Legion 0-3 Memphis 901,2024-04-27
Birmingham Legion,1.30,1.61,-0.31,0,3,-3,-2.69,60.80,69.73,1.06,0.75,358,17,15,7,14.15,17.77,13,30,8,7,Birmingham Legion 0-3 Memphis 901,2024-04-27
New Mexico United,1.72,3.94,-2.22,0,3,-3,-0.78,57.80,54.33,1.5,1.74,226,12,10,16,6.67,8.66,12,8,4,11,Tampa Bay Rowdies 3-0 New Mexico United,2024-04-27
Tampa Bay Rowdies,3.94,1.72,2.22,3,0,3,0.78,42.20,45.67,1.74,1.5,146,18,16,10,9.2,11.81,11,17,12,17,Tampa Bay Rowdies 3-0 New Mexico United,2024-04-27
Hartford Athletic,0.22,3.03,-2.81,0,6,-6,-3.19,52.00,34.5,0.48,1.57,122,4,3,17,6.25,7.98,5,4,1,21,Louisville City 6-0 Hartford Athletic,2024-04-27
Louisville City,3.03,0.22,2.81,6,0,6,3.19,48.00,65.5,1.57,0.48,239,12,17,3,10.83,8.94,17,15,4,14,Louisville City 6-0 Hartford Athletic,2024-04-27
Detroit City,0.41,1.75,-1.34,0,2,-2,-0.66,52.90,35.95,0.36,0.83,151,3,6,10,16.67,8.77,8,10,1,19,Pittsburgh Riverhounds 2-0 Detroit City,2024-04-27
Pittsburgh Riverhounds,1.75,0.41,1.34,2,0,2,0.66,47.10,64.05,0.83,0.36,249,15,10,6,12.05,12.05,18,20,10,19,Pittsburgh Riverhounds 2-0 Detroit City,2024-04-27
North Carolina,1.27,0.66,0.61,1,2,-1,-1.61,51.10,44.37,0.59,0.97,182,8,7,8,11.86,8.71,11,21,7,17,Indy Eleven 2-1 North Carolina,2024-04-27
Indy Eleven,0.66,1.27,-0.61,2,1,1,1.61,48.90,55.63,0.97,0.59,190,15,8,7,8.25,11.83,9,19,7,12,Indy Eleven 2-1 North Carolina,2024-04-27
San Antonio,1.52,1.39,0.13,1,2,-1,-1.13,62.50,65.58,1.43,0.38,248,14,10,9,6.99,6.38,10,26,8,16,Miami 2-1 San Antonio,2024-04-27
Miami,1.39,1.52,-0.13,2,1,1,1.13,37.50,34.42,0.38,1.43,107,5,9,10,23.68,13.74,3,12,5,11,Miami 2-1 San Antonio,2024-04-27
Las Vegas Lights,0.78,4.80,-4.02,0,6,-6,-1.98,53.30,56.73,0.65,0.23,221,8,9,15,13.85,11.65,21,21,5,18,Charleston Battery 6-0 Las Vegas Lights,2024-04-27
Charleston Battery,4.80,0.78,4.02,6,0,6,1.98,46.70,43.27,0.23,0.65,151,9,15,9,65.22,9.83,18,8,9,15,Charleston Battery 6-0 Las Vegas Lights,2024-04-27
Phoenix Rising,1.66,2.25,-0.59,3,1,2,2.59,46.10,31.68,0.59,2.04,169,9,8,16,13.56,13.42,10,10,1,10,Rhode Island 1-3 Phoenix Rising,2024-04-26
Rhode Island,2.25,1.66,0.59,1,3,-2,-2.59,53.90,68.32,2.04,0.59,347,26,16,8,7.84,12.13,26,34,13,8,Rhode Island 1-3 Phoenix Rising,2024-04-26
Pittsburgh Riverhounds,2.18,1.79,0.39,3,1,2,1.61,37.90,38.04,1.0,1.45,150,11,10,19,10.0,19.19,7,4,1,6,Phoenix Rising 1-3 Pittsburgh Riverhounds,2024-04-20
Phoenix Rising,1.79,2.18,-0.39,1,3,-2,-1.61,62.10,61.96,1.45,1.0,258,15,19,10,13.1,16.50,11,31,11,5,Phoenix Rising 1-3 Pittsburgh Riverhounds,2024-04-20
Sacramento Republic,1.71,1.26,0.45,2,0,2,1.55,42.70,50.0,0.68,0.49,188,13,9,5,13.24,9.90,17,13,5,17,Orange County SC 0-2 Sacramento Republic,2024-04-20
Orange County SC,1.26,1.71,-0.45,0,2,-2,-1.55,57.30,50.0,0.49,0.68,253,10,5,9,10.2,10.09,12,18,2,14,Orange County SC 0-2 Sacramento Republic,2024-04-20
Rhode Island,1.45,1.17,0.28,2,1,1,0.72,40.70,52.89,0.26,0.93,209,13,10,12,38.46,15.93,23,19,6,8,Las Vegas Lights 1-2 Rhode Island,2024-04-20
Las Vegas Lights,1.17,1.45,-0.28,1,2,-1,-0.72,59.30,47.11,0.93,0.26,191,17,12,10,12.9,9.61,8,21,10,11,Las Vegas Lights 1-2 Rhode Island,2024-04-20
Indy Eleven,1.31,0.87,0.44,1,1,0,-0.44,58.70,66.26,1.95,1.05,296,14,13,11,6.67,7.51,11,23,6,18,Colorado Springs 1-1 Indy Eleven,2024-04-20
Colorado Springs,0.87,1.31,-0.44,1,1,0,0.44,41.30,33.74,1.05,1.95,142,12,11,13,10.48,15.27,4,21,8,9,Colorado Springs 1-1 Indy Eleven,2024-04-20
Monterey Bay,1.72,3.02,-1.30,2,1,1,2.30,56.20,50.45,1.24,1.11,184,17,10,19,8.06,9.09,12,18,10,14,Memphis 901 1-2 Monterey Bay,2024-04-20
Memphis 901,3.02,1.72,1.30,1,2,-1,-2.30,43.80,49.55,1.11,1.24,173,16,19,10,17.12,9.18,14,10,2,17,Memphis 901 1-2 Monterey Bay,2024-04-20
El Paso Locomotive,0.33,4.84,-4.51,1,1,0,4.51,36.70,24.92,0.47,2.59,102,4,9,21,19.15,18.18,4,8,5,15,Tampa Bay Rowdies 1-1 El Paso Locomotive,2024-04-20
Tampa Bay Rowdies,4.84,0.33,4.51,1,1,0,-4.51,63.30,75.08,2.59,0.47,320,21,21,9,8.11,6.90,18,22,10,14,Tampa Bay Rowdies 1-1 El Paso Locomotive,2024-04-20
New Mexico United,1.96,1.87,0.09,3,2,1,0.91,53.00,60.34,1.33,1.31,184,4,9,15,6.77,22.28,8,6,3,6,North Carolina 2-3 New Mexico United,2024-04-20
North Carolina,1.87,1.96,-0.09,2,3,-1,-0.91,47.00,39.66,1.31,1.33,125,8,15,9,11.45,19.23,11,15,6,12,North Carolina 2-3 New Mexico United,2024-04-20
Birmingham Legion,2.25,0.87,1.38,1,0,1,-0.38,58.70,69.39,0.93,0.76,228,10,20,6,21.51,8.83,14,21,13,9,Miami 0-1 Birmingham Legion,2024-04-20
Miami,0.87,2.25,-1.38,0,1,-1,0.38,41.30,30.61,0.76,0.93,99,3,6,20,7.89,15.24,6,12,6,11,Miami 0-1 Birmingham Legion,2024-04-20
Charleston Battery,5.12,1.75,3.37,4,1,3,-0.37,53.10,36.88,0.72,0.51,175,18,20,12,27.78,6.84,10,12,3,15,FC Tulsa 1-4 Charleston Battery,2024-04-20
FC Tulsa,1.75,5.12,-3.37,1,4,-3,0.37,46.90,63.12,0.51,0.72,236,6,12,20,23.53,8.43,15,23,6,16,FC Tulsa 1-4 Charleston Battery,2024-04-20
San Antonio,3.64,1.84,1.80,3,1,2,0.20,52.30,55.48,1.07,0.53,208,11,20,13,18.69,9.34,12,20,5,16,Hartford Athletic 1-3 San Antonio,2024-04-20
Hartford Athletic,1.84,3.64,-1.80,1,3,-2,-0.20,47.70,44.52,0.53,1.07,172,8,13,20,24.53,10.60,5,11,4,11,Hartford Athletic 1-3 San Antonio,2024-04-20
Oakland Roots,1.52,3.14,-1.62,1,3,-2,-0.38,50.40,57.99,1.81,1.76,262,14,9,18,4.97,9.68,16,20,8,15,Detroit City 3-1 Oakland Roots,2024-04-20
Detroit City,3.14,1.52,1.62,3,1,2,0.38,49.60,42.01,1.76,1.81,177,14,18,9,10.23,8.77,10,19,9,15,Detroit City 3-1 Oakland Roots,2024-04-20
Louisville City,0.86,1.33,-0.47,1,0,1,1.47,54.00,59.16,0.98,0.81,255,9,12,8,12.24,11.18,23,20,6,12,Loudoun United 0-1 Louisville City,2024-04-20
Loudoun United,1.33,0.86,0.47,0,1,-1,-1.47,46.00,40.84,0.81,0.98,157,8,8,12,9.88,18.17,9,15,6,9,Loudoun United 0-1 Louisville City,2024-04-20
Birmingham Legion,1.37,2.33,-0.96,1,1,0,0.96,49.30,49.17,0.52,0.75,208,3,10,10,19.23,20.35,9,14,5,9,North Carolina 1-1 Birmingham Legion,2024-04-14
North Carolina,2.33,1.37,0.96,1,1,0,-0.96,50.70,50.83,0.75,0.52,231,15,10,10,13.33,17.58,14,13,0,11,North Carolina 1-1 Birmingham Legion,2024-04-14
Colorado Springs,0.11,1.77,-1.66,0,1,-1,0.66,47.30,44.37,0.76,0.68,216,12,4,21,5.26,11.97,9,10,3,11,Phoenix Rising 1-0 Colorado Springs,2024-04-13
Phoenix Rising,1.77,0.11,1.66,1,0,1,-0.66,52.70,55.63,0.68,0.76,266,5,21,4,30.88,10.94,14,22,6,14,Phoenix Rising 1-0 Colorado Springs,2024-04-13
Las Vegas Lights,1.53,3.52,-1.99,1,3,-2,-0.01,54.50,65.95,0.6,0.4,291,14,12,15,20.0,10.89,20,20,8,17,Monterey Bay 3-1 Las Vegas Lights,2024-04-13
Monterey Bay,3.52,1.53,1.99,3,1,2,0.01,45.50,34.05,0.4,0.6,154,11,15,12,37.5,9.60,10,16,8,11,Monterey Bay 3-1 Las Vegas Lights,2024-04-13
FC Tulsa,0.41,2.47,-2.06,1,1,0,2.06,27.00,30.35,0.37,2.23,96,7,5,23,13.51,14.53,8,10,9,12,Sacramento Republic 1-1 FC Tulsa,2024-04-13
Sacramento Republic,2.47,0.41,2.06,1,1,0,-2.06,73.00,69.65,2.23,0.37,349,28,23,5,10.31,7.00,11,36,20,14,Sacramento Republic 1-1 FC Tulsa,2024-04-13
Oakland Roots,2.31,1.30,1.01,3,2,1,-0.01,42.60,56.96,0.65,0.51,235,10,6,5,9.23,14.45,11,15,3,7,El Paso Locomotive 2-3 Oakland Roots,2024-04-13
El Paso Locomotive,1.30,2.31,-1.01,2,3,-1,0.01,57.40,43.04,0.51,0.65,216,7,5,6,9.8,12.36,6,13,8,16,El Paso Locomotive 2-3 Oakland Roots,2024-04-13
Orange County SC,0.75,1.51,-0.76,0,0,0,0.76,42.10,38.48,0.2,1.45,160,5,8,15,40.0,9.31,10,11,3,12,San Antonio 0-0 Orange County SC,2024-04-13
San Antonio,1.51,0.75,0.76,0,0,0,-0.76,57.90,61.52,1.45,0.2,254,13,15,8,10.34,7.57,18,28,6,19,San Antonio 0-0 Orange County SC,2024-04-13
Pittsburgh Riverhounds,2.86,1.31,1.55,0,0,0,-1.55,40.90,41.29,0.41,0.43,154,10,10,12,24.39,11.56,14,11,7,13,Rhode Island 0-0 Pittsburgh Riverhounds,2024-04-13
Rhode Island,1.31,2.86,-1.55,0,0,0,1.55,59.10,58.71,0.43,0.41,197,7,12,10,27.91,8.82,15,13,2,18,Rhode Island 0-0 Pittsburgh Riverhounds,2024-04-13
Charleston Battery,2.36,4.17,-1.81,4,2,2,3.81,55.20,53.69,0.75,1.4,212,16,15,20,20.0,8.64,12,25,12,13,Indy Eleven 2-4 Charleston Battery,2024-04-13
Indy Eleven,4.17,2.36,1.81,2,4,-2,-3.81,44.80,46.31,1.4,0.75,214,22,20,15,14.29,10.42,4,24,5,18,Indy Eleven 2-4 Charleston Battery,2024-04-13
Memphis 901,1.51,1.93,-0.42,1,2,-1,-0.58,48.70,47.35,0.43,1.46,187,6,9,10,20.93,9.76,25,11,1,10,Loudoun United 2-1 Memphis 901,2024-04-13
Loudoun United,1.93,1.51,0.42,2,1,1,0.58,51.30,52.65,1.46,0.43,214,23,10,9,6.85,11.14,21,17,10,15,Loudoun United 2-1 Memphis 901,2024-04-13
Tampa Bay Rowdies,5.47,1.44,4.03,5,2,3,-1.03,53.30,70.79,1.86,0.81,260,20,25,6,13.44,8.41,20,26,12,20,Miami 2-5 Tampa Bay Rowdies,2024-04-11
Miami,1.44,5.47,-4.03,2,5,-3,1.03,46.70,29.21,0.81,1.86,112,6,6,25,7.41,8.91,8,14,4,19,Miami 2-5 Tampa Bay Rowdies,2024-04-11
Louisville City,2.13,4.79,-2.66,2,3,-1,1.66,48.60,61.98,1.23,1.54,196,12,10,22,8.13,8.65,19,23,10,24,Charleston Battery 3-2 Louisville City,2024-04-09
Charleston Battery,4.79,2.13,2.66,3,2,1,-1.66,51.40,38.02,1.54,1.23,131,17,22,10,14.29,10.74,12,16,9,11,Charleston Battery 3-2 Louisville City,2024-04-09
Loudoun United,0.70,0.76,-0.06,1,3,-2,-1.94,60.00,53.9,0.7,0.6,250,7,9,10,12.86,9.21,7,17,6,11,Birmingham Legion 3-1 Loudoun United,2024-04-07
Birmingham Legion,0.76,0.70,0.06,3,1,2,1.94,40.00,46.1,0.6,0.7,181,5,10,9,16.67,14.69,15,9,2,12,Birmingham Legion 3-1 Loudoun United,2024-04-07
San Antonio,2.05,0.75,1.30,0,1,-1,-2.30,53.10,52.26,1.98,0.78,187,17,12,8,6.06,6.06,17,21,6,19,Las Vegas Lights 1-0 San Antonio,2024-04-06
Las Vegas Lights,0.75,2.05,-1.30,1,0,1,2.30,46.90,47.74,0.78,1.98,156,9,8,12,10.26,8.57,5,13,6,11,Las Vegas Lights 1-0 San Antonio,2024-04-06
Monterey Bay,1.43,0.67,0.76,1,0,1,0.24,44.50,47.26,1.33,1.25,185,11,9,7,6.77,14.78,17,14,8,14,Oakland Roots 0-1 Monterey Bay,2024-04-06
Oakland Roots,0.67,1.43,-0.76,0,1,-1,-0.24,55.50,52.74,1.25,1.33,240,10,7,9,5.6,11.72,16,16,4,7,Oakland Roots 0-1 Monterey Bay,2024-04-06
El Paso Locomotive,1.92,1.65,0.27,2,3,-1,-1.27,56.90,55.1,1.07,0.69,222,13,9,11,8.41,8.92,19,14,5,13,New Mexico United 3-2 El Paso Locomotive,2024-04-06
New Mexico United,1.65,1.92,-0.27,3,2,1,1.27,43.10,44.9,0.69,1.07,147,12,11,9,15.94,15.64,9,8,6,10,New Mexico United 3-2 El Paso Locomotive,2024-04-06
Sacramento Republic,2.43,0.82,1.61,2,0,2,0.39,37.70,36.22,0.32,0.66,164,11,11,10,34.38,17.00,12,7,2,9,Colorado Springs 0-2 Sacramento Republic,2024-04-06
Colorado Springs,0.82,2.43,-1.61,0,2,-2,-0.39,62.30,63.78,0.66,0.32,280,14,10,11,15.15,13.70,5,9,9,13,Colorado Springs 0-2 Sacramento Republic,2024-04-06
Charleston Battery,1.42,0.73,0.69,0,0,0,-0.69,55.70,44.31,0.68,1.06,131,9,11,10,16.18,5.80,11,18,7,22,Rhode Island 0-0 Charleston Battery,2024-04-06
Rhode Island,0.73,1.42,-0.69,0,0,0,0.69,44.30,55.69,1.06,0.68,172,10,10,11,9.43,8.06,23,19,2,25,Rhode Island 0-0 Charleston Battery,2024-04-06
Tampa Bay Rowdies,0.40,3.04,-2.64,0,0,0,2.64,49.60,45.76,0.49,1.3,224,3,6,15,12.24,11.92,16,5,1,12,Pittsburgh Riverhounds 0-0 Tampa Bay Rowdies,2024-04-06
Pittsburgh Riverhounds,3.04,0.40,2.64,0,0,0,-2.64,50.40,54.24,1.3,0.49,222,12,15,6,11.54,17.92,6,18,6,7,Pittsburgh Riverhounds 0-0 Tampa Bay Rowdies,2024-04-06
Orange County SC,2.28,1.67,0.61,2,0,2,1.39,47.40,37.5,0.59,0.59,146,5,5,12,8.47,11.78,4,11,3,11,Memphis 901 0-2 Orange County SC,2024-04-06
Memphis 901,1.67,2.28,-0.61,0,2,-2,-1.39,52.60,62.5,0.59,0.59,232,13,12,5,20.34,10.63,19,22,10,10,Memphis 901 0-2 Orange County SC,2024-04-06
Indy Eleven,1.23,4.11,-2.88,3,5,-2,0.88,53.30,52.75,0.67,1.26,239,6,8,20,11.94,8.59,8,16,6,12,Louisville City 5-3 Indy Eleven,2024-04-06
Louisville City,4.11,1.23,2.88,5,3,2,-0.88,46.70,47.25,1.26,0.67,194,13,20,8,15.87,11.11,14,15,8,18,Louisville City 5-3 Indy Eleven,2024-04-06
North Carolina,0.70,0.53,0.17,0,1,-1,-1.17,46.10,56.43,0.78,0.92,142,12,12,7,15.38,8.04,13,13,5,25,Detroit City 1-0 North Carolina,2024-04-06
Detroit City,0.53,0.70,-0.17,1,0,1,1.17,53.90,43.57,0.92,0.78,118,5,7,12,7.61,8.44,12,7,6,20,Detroit City 1-0 North Carolina,2024-04-06
Miami,1.61,3.32,-1.71,2,3,-1,0.71,59.30,58.42,1.17,0.58,219,8,16,22,13.68,9.58,17,25,12,13,Hartford Athletic 3-2 Miami,2024-04-06
Hartford Athletic,3.32,1.61,1.71,3,2,1,-0.71,40.70,41.58,0.58,1.17,149,13,22,16,37.93,15.23,19,12,11,10,Hartford Athletic 3-2 Miami,2024-04-06
Phoenix Rising,1.79,4.12,-2.33,3,3,0,2.33,43.90,33.85,0.22,1.31,169,13,10,22,45.45,20.56,8,6,1,8,FC Tulsa 3-3 Phoenix Rising,2024-04-05
FC Tulsa,4.12,1.79,2.33,3,3,0,-2.33,56.10,66.15,1.31,0.22,262,20,22,10,16.79,9.56,24,29,16,9,FC Tulsa 3-3 Phoenix Rising,2024-04-05
New Mexico United,3.22,0.19,3.03,1,0,1,-2.03,41.20,47.49,1.15,0.88,149,11,14,6,12.17,14.66,8,6,6,15,Phoenix Rising 0-1 New Mexico United,2024-03-30
Phoenix Rising,0.19,3.22,-3.03,0,1,-1,2.03,58.80,52.51,0.88,1.15,206,8,6,14,6.82,11.04,9,23,9,9,Phoenix Rising 0-1 New Mexico United,2024-03-30
Las Vegas Lights,0.45,3.03,-2.58,3,0,3,5.58,44.10,45.0,0.5,0.92,165,10,8,13,16.0,8.60,12,18,6,23,Oakland Roots 0-3 Las Vegas Lights,2024-03-30
Oakland Roots,3.03,0.45,2.58,0,3,-3,-5.58,55.90,55.0,0.92,0.5,194,14,13,8,14.13,6.12,17,18,5,17,Oakland Roots 0-3 Las Vegas Lights,2024-03-30
Memphis 901,0.80,2.53,-1.73,0,1,-1,0.73,43.10,40.0,0.62,0.59,134,10,5,13,8.06,10.14,6,11,4,24,Sacramento Republic 1-0 Memphis 901,2024-03-30
Sacramento Republic,2.53,0.80,1.73,1,0,1,-0.73,56.90,60.0,0.59,0.62,223,8,13,5,22.03,6.15,9,25,12,17,Sacramento Republic 1-0 Memphis 901,2024-03-30
FC Tulsa,1.89,1.14,0.75,0,1,-1,-1.75,53.10,59.67,1.32,1.07,236,9,15,9,11.36,9.05,13,26,6,19,Orange County SC 1-0 FC Tulsa,2024-03-30
Orange County SC,1.14,1.89,-0.75,1,0,1,1.75,46.90,40.33,1.07,1.32,162,5,9,15,8.41,13.70,5,10,2,11,Orange County SC 1-0 FC Tulsa,2024-03-30
Monterey Bay,1.43,2.21,-0.78,1,2,-1,-0.22,47.40,40.28,0.45,1.6,183,7,11,15,24.44,12.00,6,26,13,8,San Antonio 2-1 Monterey Bay,2024-03-30
San Antonio,2.21,1.43,0.78,2,1,1,0.22,52.60,59.72,1.6,0.45,220,22,15,11,9.38,9.09,16,23,16,18,San Antonio 2-1 Monterey Bay,2024-03-30
Rhode Island,1.69,3.17,-1.48,1,4,-3,-1.52,51.60,52.92,0.63,0.83,173,8,10,16,15.87,10.29,14,12,3,20,Tampa Bay Rowdies 4-1 Rhode Island,2024-03-30
Tampa Bay Rowdies,3.17,1.69,1.48,4,1,3,1.52,48.40,47.08,0.83,0.63,161,19,16,10,19.28,9.41,11,20,10,13,Tampa Bay Rowdies 4-1 Rhode Island,2024-03-30
Detroit City,2.58,1.05,1.53,2,1,1,-0.53,53.60,49.6,0.94,0.79,229,12,16,7,17.02,10.10,7,22,5,10,Indy Eleven 1-2 Detroit City,2024-03-30
Indy Eleven,1.05,2.58,-1.53,1,2,-1,0.53,46.40,50.4,0.79,0.94,212,13,7,16,8.86,9.37,9,19,8,18,Indy Eleven 1-2 Detroit City,2024-03-30
Charleston Battery,4.00,0.89,3.11,2,1,1,-2.11,60.60,72.93,1.89,0.17,240,22,20,6,10.58,6.31,34,14,9,16,Miami 1-2 Charleston Battery,2024-03-30
Miami,0.89,4.00,-3.11,1,2,-1,2.11,39.40,27.07,0.17,1.89,87,2,6,20,35.29,19.45,9,15,4,15,Miami 1-2 Charleston Battery,2024-03-30
Birmingham Legion,2.30,3.38,-1.08,0,5,-5,-3.92,50.30,42.97,0.47,1.17,144,4,13,18,27.66,13.10,4,14,6,15,Louisville City 5-0 Birmingham Legion,2024-03-30
Louisville City,3.38,2.30,1.08,5,0,5,3.92,49.70,57.03,1.17,0.47,197,11,18,13,15.38,14.61,6,19,6,16,Louisville City 5-0 Birmingham Legion,2024-03-30
Hartford Athletic,1.54,2.33,-0.79,1,2,-1,-0.21,52.10,51.36,1.23,0.59,184,10,14,16,11.38,9.75,19,21,11,16,North Carolina 2-1 Hartford Athletic,2024-03-29
North Carolina,2.33,1.54,0.79,2,1,1,0.21,47.90,48.64,0.59,1.23,205,14,16,14,27.12,9.29,24,17,8,17,North Carolina 2-1 Hartford Athletic,2024-03-29
Rhode Island,1.59,2.06,-0.47,2,2,0,0.47,53.70,49.83,0.8,0.71,192,15,9,12,11.25,8.38,25,16,3,13,Monterey Bay 2-2 Rhode Island,2024-03-24
Monterey Bay,2.06,1.59,0.47,2,2,0,-0.47,46.30,50.17,0.71,0.8,159,11,12,9,16.9,9.63,22,19,6,13,Monterey Bay 2-2 Rhode Island,2024-03-24
Oakland Roots,0.48,2.17,-1.69,0,1,-1,0.69,46.60,48.88,0.8,1.25,198,7,7,11,8.75,15.04,6,14,1,14,Phoenix Rising 1-0 Oakland Roots,2024-03-23
Phoenix Rising,2.17,0.48,1.69,1,0,1,-0.69,53.40,51.12,1.25,0.8,215,17,11,7,8.8,10.00,10,20,7,17,Phoenix Rising 1-0 Oakland Roots,2024-03-23
Miami,0.30,2.31,-2.01,2,2,0,2.01,43.50,37.58,0.28,1.06,156,4,5,15,17.86,16.78,23,10,4,12,Orange County SC 2-2 Miami,2024-03-23
Orange County SC,2.31,0.30,2.01,2,2,0,-2.01,56.50,62.42,1.06,0.28,255,14,15,5,14.15,11.88,19,19,9,11,Orange County SC 2-2 Miami,2024-03-23
Colorado Springs,2.15,2.73,-0.58,0,2,-2,-1.42,42.30,43.59,0.8,0.85,130,12,11,18,13.75,11.56,13,16,7,11,San Antonio 2-0 Colorado Springs,2024-03-23
San Antonio,2.73,2.15,0.58,2,0,2,1.42,57.70,56.41,0.85,0.8,222,21,18,11,21.18,6.97,10,24,15,14,San Antonio 2-0 Colorado Springs,2024-03-23
El Paso Locomotive,1.06,0.72,0.34,0,1,-1,-1.34,53.10,43.61,0.71,0.82,191,8,10,10,14.08,8.22,17,12,6,16,Las Vegas Lights 1-0 El Paso Locomotive,2024-03-23
Las Vegas Lights,0.72,1.06,-0.34,1,0,1,1.34,46.90,56.39,0.82,0.71,190,7,10,10,12.2,9.51,15,15,12,10,Las Vegas Lights 1-0 El Paso Locomotive,2024-03-23
New Mexico United,1.16,3.61,-2.45,0,4,-4,-1.55,46.30,37.01,0.58,1.02,149,8,7,18,12.07,7.62,14,13,6,19,Charleston Battery 4-0 New Mexico United,2024-03-23
Charleston Battery,3.61,1.16,2.45,4,0,4,1.55,53.70,62.99,1.02,0.58,248,22,18,7,17.65,6.25,27,24,10,22,Charleston Battery 4-0 New Mexico United,2024-03-23
Sacramento Republic,2.01,1.12,0.89,1,1,0,-0.89,57.80,53.13,1.22,1.14,267,9,15,7,12.3,8.40,10,18,6,10,Indy Eleven 1-1 Sacramento Republic,2024-03-23
Indy Eleven,1.12,2.01,-0.89,1,1,0,0.89,42.20,46.87,1.14,1.22,196,8,7,15,6.14,15.23,7,10,4,18,Indy Eleven 1-1 Sacramento Republic,2024-03-23
Tampa Bay Rowdies,0.36,1.13,-0.77,1,1,0,0.77,53.10,47.66,0.47,0.24,160,3,4,15,8.51,10.86,11,13,6,17,North Carolina 1-1 Tampa Bay Rowdies,2024-03-23
North Carolina,1.13,0.36,0.77,1,1,0,-0.77,46.90,52.34,0.24,0.47,166,11,15,4,62.5,13.29,14,11,9,12,North Carolina 1-1 Tampa Bay Rowdies,2024-03-23
Loudoun United,1.37,2.64,-1.27,1,2,-1,0.27,43.60,37.3,0.95,0.87,142,8,9,11,9.47,11.73,12,15,5,12,Detroit City 2-1 Loudoun United,2024-03-23
Detroit City,2.64,1.37,1.27,2,1,1,-0.27,56.40,62.7,0.87,0.95,275,8,11,9,12.64,8.57,17,16,7,14,Detroit City 2-1 Loudoun United,2024-03-23
Pittsburgh Riverhounds,0.49,3.54,-3.05,1,3,-2,1.05,50.60,41.21,0.98,0.78,181,8,5,17,5.1,13.61,10,11,0,8,Louisville City 3-1 Pittsburgh Riverhounds,2024-03-23
Louisville City,3.54,0.49,3.05,3,1,2,-1.05,49.40,58.79,0.78,0.98,214,5,17,5,21.79,16.43,17,13,5,11,Louisville City 3-1 Pittsburgh Riverhounds,2024-03-23
Birmingham Legion,1.35,6.88,-5.53,0,1,-1,4.53,52.00,55.31,0.58,1.13,213,9,18,27,31.03,12.43,11,14,9,4,Hartford Athletic 1-0 Birmingham Legion,2024-03-23
Hartford Athletic,6.88,1.35,5.53,1,0,1,-4.53,48.00,44.69,1.13,0.58,177,18,27,18,23.89,10.79,29,21,22,14,Hartford Athletic 1-0 Birmingham Legion,2024-03-23
Charleston Battery,1.27,0.93,0.34,1,1,0,-0.34,66.60,68.57,0.96,0.61,242,15,21,6,21.88,6.86,15,28,15,15,Oakland Roots 1-1 Charleston Battery,2024-03-16
Oakland Roots,0.93,1.27,-0.34,1,1,0,0.34,33.40,31.43,0.61,0.96,88,7,6,21,9.84,8.41,16,5,0,17,Oakland Roots 1-1 Charleston Battery,2024-03-16
Phoenix Rising,0.36,1.60,-1.24,0,1,-1,0.24,48.40,44.64,0.37,0.93,205,4,8,11,21.62,14.96,9,16,4,13,Monterey Bay 1-0 Phoenix Rising,2024-03-16
Monterey Bay,1.60,0.36,1.24,1,0,1,-0.24,51.60,55.36,0.93,0.37,217,11,11,8,11.83,9.39,20,17,10,11,Monterey Bay 1-0 Phoenix Rising,2024-03-16
FC Tulsa,1.33,3.07,-1.74,3,1,2,3.74,29.40,43.38,0.7,1.27,119,16,12,22,17.14,7.95,19,17,6,22,Las Vegas Lights 1-3 FC Tulsa,2024-03-16
Las Vegas Lights,3.07,1.33,1.74,1,3,-2,-3.74,70.60,56.62,1.27,0.7,216,11,22,12,17.32,4.15,8,26,17,18,Las Vegas Lights 1-3 FC Tulsa,2024-03-16
Detroit City,2.53,2.11,0.42,2,1,1,0.58,55.50,56.07,1.24,1.13,222,8,13,10,10.48,8.97,6,20,7,17,Colorado Springs 1-2 Detroit City,2024-03-16
Colorado Springs,2.11,2.53,-0.42,1,2,-1,-0.58,44.50,43.93,1.13,1.24,177,11,10,13,8.85,11.11,15,15,7,13,Colorado Springs 1-2 Detroit City,2024-03-16
San Antonio,0.87,1.52,-0.65,2,2,0,0.65,59.50,44.95,0.51,0.87,164,6,7,14,13.73,6.74,9,17,3,16,Tampa Bay Rowdies 2-2 San Antonio,2024-03-16
Tampa Bay Rowdies,1.52,0.87,0.65,2,2,0,-0.65,40.50,55.05,0.87,0.51,164,11,14,7,16.09,11.12,11,21,15,15,Tampa Bay Rowdies 2-2 San Antonio,2024-03-16
Orange County SC,0.79,1.29,-0.50,2,0,2,2.50,32.90,17.15,0.47,2.56,94,4,2,12,4.26,17.23,1,6,0,13,Pittsburgh Riverhounds 0-2 Orange County SC,2024-03-16
Pittsburgh Riverhounds,1.29,0.79,0.50,0,2,-2,-2.50,67.10,82.85,2.56,0.47,426,28,12,2,4.69,6.98,23,33,11,18,Pittsburgh Riverhounds 0-2 Orange County SC,2024-03-16
Sacramento Republic,2.46,2.15,0.31,1,0,1,0.69,56.20,79.25,1.17,0.28,246,14,15,10,12.82,11.37,15,21,9,13,Miami 0-1 Sacramento Republic,2024-03-16
Miami,2.15,2.46,-0.31,0,1,-1,-0.69,43.80,20.75,0.28,1.17,57,3,10,15,35.71,20.05,3,5,3,13,Miami 0-1 Sacramento Republic,2024-03-16
Indy Eleven,2.09,2.29,-0.20,2,1,1,1.20,42.30,49.23,1.08,1.76,168,15,12,19,11.11,10.87,17,18,6,16,Memphis 901 1-2 Indy Eleven,2024-03-16
Memphis 901,2.29,2.09,0.20,1,2,-1,-1.20,57.70,50.77,1.76,1.08,192,16,19,12,10.8,9.32,8,19,7,13,Memphis 901 1-2 Indy Eleven,2024-03-16
New Mexico United,2.91,2.96,-0.05,1,1,0,0.05,49.10,45.59,1.21,1.4,184,15,9,21,7.44,9.57,10,9,5,14,Rhode Island 1-1 New Mexico United,2024-03-16
Rhode Island,2.96,2.91,0.05,1,1,0,-0.05,50.90,54.41,1.4,1.21,239,16,21,9,15.0,6.02,37,18,9,17,Rhode Island 1-1 New Mexico United,2024-03-16
North Carolina,1.92,1.48,0.44,1,3,-2,-2.44,46.70,52.54,1.28,0.99,176,12,12,8,9.38,13.17,15,22,4,14,Loudoun United 3-1 North Carolina,2024-03-16
Loudoun United,1.48,1.92,-0.44,3,1,2,2.44,53.30,47.46,0.99,1.28,169,5,8,12,8.08,12.73,7,12,2,11,Loudoun United 3-1 North Carolina,2024-03-16
Louisville City,1.23,2.35,-1.12,1,0,1,2.12,43.40,50.17,1.21,0.81,178,11,11,13,9.09,9.13,27,15,3,11,El Paso Locomotive 0-1 Louisville City,2024-03-16
El Paso Locomotive,2.35,1.23,1.12,0,1,-1,-2.12,56.60,49.83,0.81,1.21,172,17,13,11,16.05,9.76,7,8,2,15,El Paso Locomotive 0-1 Louisville City,2024-03-16
Monterey Bay,2.08,1.33,0.75,1,1,0,-0.75,54.90,62.89,1.7,0.6,229,16,19,7,11.18,9.93,13,28,13,9,El Paso Locomotive 1-1 Monterey Bay,2024-03-13
El Paso Locomotive,1.33,2.08,-0.75,1,1,0,0.75,45.10,37.11,0.6,1.7,155,6,7,19,11.67,15.24,8,5,2,13,El Paso Locomotive 1-1 Monterey Bay,2024-03-13
Orange County SC,1.42,2.62,-1.20,2,2,0,1.20,46.90,42.02,0.53,1.24,206,9,7,12,13.21,17.41,5,11,7,9,Sacramento Republic 2-2 Orange County SC,2024-03-09
Sacramento Republic,2.62,1.42,1.20,2,2,0,-1.20,53.10,57.98,1.24,0.53,265,9,12,7,9.68,11.57,19,15,5,13,Sacramento Republic 2-2 Orange County SC,2024-03-09
Indy Eleven,2.57,1.69,0.88,1,2,-1,-1.88,60.50,69.51,1.66,1.21,291,20,19,10,11.45,7.21,16,40,13,14,Oakland Roots 2-1 Indy Eleven,2024-03-09
Oakland Roots,1.69,2.57,-0.88,2,1,1,1.88,39.50,30.49,1.21,1.66,135,7,10,19,8.26,11.27,2,13,4,16,Oakland Roots 2-1 Indy Eleven,2024-03-09
Birmingham Legion,1.70,2.81,-1.11,1,0,1,2.11,46.10,43.43,0.63,1.4,200,6,12,18,19.05,17.07,13,9,3,12,Phoenix Rising 0-1 Birmingham Legion,2024-03-09
Phoenix Rising,2.81,1.70,1.11,0,1,-1,-2.11,53.90,56.57,1.4,0.63,282,14,18,12,12.86,10.87,17,19,9,17,Phoenix Rising 0-1 Birmingham Legion,2024-03-09
Hartford Athletic,1.89,1.80,0.09,1,0,1,0.91,36.40,50.33,0.63,0.77,172,6,9,15,14.29,10.07,12,15,4,18,El Paso Locomotive 0-1 Hartford Athletic,2024-03-09
El Paso Locomotive,1.80,1.89,-0.09,0,1,-1,-0.91,63.60,49.67,0.77,0.63,212,14,15,9,19.48,6.75,4,21,10,16,El Paso Locomotive 0-1 Hartford Athletic,2024-03-09
Loudoun United,0.90,1.14,-0.24,2,2,0,0.24,29.90,38.99,0.62,0.81,136,12,10,8,16.13,17.24,12,11,2,7,San Antonio 2-2 Loudoun United,2024-03-09
San Antonio,1.14,0.90,0.24,2,2,0,-0.24,70.10,61.01,0.81,0.62,327,8,8,10,9.88,8.41,10,26,5,18,San Antonio 2-2 Loudoun United,2024-03-09
Colorado Springs,2.25,2.45,-0.20,0,2,-2,-1.80,61.20,78.7,1.37,0.45,380,21,21,10,15.33,8.27,23,32,12,13,Miami 2-0 Colorado Springs,2024-03-09
Miami,2.45,2.25,0.20,2,0,2,1.80,38.80,21.3,0.45,1.37,103,7,10,21,22.22,14.86,3,8,3,8,Miami 2-0 Colorado Springs,2024-03-09
Charleston Battery,0.84,0.40,0.44,0,0,0,-0.44,66.30,63.98,0.43,1.16,253,8,9,7,20.93,9.71,13,14,7,8,North Carolina 0-0 Charleston Battery,2024-03-09
North Carolina,0.40,0.84,-0.44,0,0,0,0.44,33.70,36.02,1.16,0.43,112,8,7,9,6.03,15.59,13,15,7,17,North Carolina 0-0 Charleston Battery,2024-03-09
Pittsburgh Riverhounds,0.47,1.04,-0.57,0,1,-1,-0.43,34.20,41.25,1.36,1.05,148,11,5,5,3.68,16.43,5,22,10,19,New Mexico United 1-0 Pittsburgh Riverhounds,2024-03-09
New Mexico United,1.04,0.47,0.57,1,0,1,0.43,65.80,58.75,1.05,1.36,247,7,5,5,4.76,8.00,15,11,3,18,New Mexico United 1-0 Pittsburgh Riverhounds,2024-03-09
Las Vegas Lights,0.76,2.41,-1.65,1,2,-1,0.65,56.90,45.94,0.41,0.66,175,5,9,16,21.95,8.53,9,12,8,13,Memphis 901 2-1 Las Vegas Lights,2024-03-09
Memphis 901,2.41,0.76,1.65,2,1,1,-0.65,43.10,54.06,0.66,0.41,188,10,16,9,24.24,9.57,25,11,9,14,Memphis 901 2-1 Las Vegas Lights,2024-03-09
